source,target
caadria2015_002,Riva Tomasowa
caadria2015_004,Sotirios D. Kotsopoulos
caadria2015_004,Federico Casalegno
caadria2015_010,Oscar Gámez
caadria2015_010,Jean-Claude Bignon
caadria2015_010,Gilles Duchanois
caadria2015_012,Yuki Nakama
caadria2015_012,Yasunobu Onishi
caadria2015_012,Kazuhisa Iki
caadria2015_013,Chengde Wu
caadria2015_013,Mark J. Clayton
caadria2015_014,Ju Hyun Lee
caadria2015_014,Michael Ostwald
caadria2015_014,Ning Gu
caadria2015_015,Nathan Melenbrink
caadria2015_015,Nathan King
caadria2015_016,Seung Wan Hong
caadria2015_016,Yehuda E. Kalay
caadria2015_016,Davide Schaumann
caadria2015_023,Michael Weizmann
caadria2015_023,Oded Amir
caadria2015_023,Yasha Jacob Grobman
caadria2015_030,Mahesh Daas
caadria2015_030,Andrew John Wit
caadria2015_031,Gernot Riether
caadria2015_031,Andrew John Wit
caadria2015_031,Steven T. Putt
caadria2015_032,Pei-Hsien Hsu
caadria2015_033,Arman Hadilou
caadria2015_043,Malgorzata A. Zboinska
caadria2015_048,Matthew Austin
caadria2015_048,Gavin Perin
caadria2015_049,Dominik Holzer
caadria2015_054,Daniel Joseph
caadria2015_054,Alan Kim
caadria2015_054,Andrew Butler
caadria2015_054,Matthias Hank Haeusler
caadria2015_060,Jaclyn K. Sun
caadria2015_060,Geoff Kimm
caadria2015_060,Suleiman Alhadidi
caadria2015_061,Kyung Hoon Hyun
caadria2015_061,Aram Min
caadria2015_061,Sun-Joong Kim
caadria2015_061,Ji-Hyun Lee
caadria2015_064,J. Meyer
caadria2015_064,Gilles Duchanois
caadria2015_064,Jean-Claude Bignon
caadria2015_064,A. Bouali
caadria2015_065,Michio Matsubayashi
caadria2015_065,Shun Watanabe
caadria2015_066,R. Vital
caadria2015_066,J. Cory
caadria2015_067,Jungsik Choi
caadria2015_067,Inhan Kim
caadria2015_067,Minchan Kim
caadria2015_069,Chieh-Jen Lin
caadria2015_070,Eliot Rosenberg
caadria2015_070,Matthias Hank Haeusler
caadria2015_070,Jeffrey Koh
caadria2015_072,Fei Si
caadria2015_072,Tsung-Hsien Wang
caadria2015_073,Rongrong Yu
caadria2015_073,John S. Gero
caadria2015_077,Galit Shiff
caadria2015_077,Yael Gilad
caadria2015_077,Amos Ophir
caadria2015_078,Kane Yanagawa
caadria2015_081,Avishag Shemesh
caadria2015_081,Moshe Bar
caadria2015_081,Yasha Jacob Grobman
caadria2015_084,Mohammad Rahmani Asl
caadria2015_084,Chengde Wu
caadria2015_084,Gil Rosen-Thal
caadria2015_084,Wei Yan
caadria2015_086,Weixin Huang
caadria2015_086,Weiguo Xu
caadria2015_087,Tane Jacob Moleta
caadria2015_090,Jawad Altabtabai
caadria2015_090,Wei Yan
caadria2015_092,Chengde Wu
caadria2015_092,Henan Li
caadria2015_092,Wei Yan
caadria2015_096,Tomohiro Fukuda
caadria2015_096,Toshiki Tokuhara
caadria2015_096,Nobuyoshi Yabuki
caadria2015_099,Daekwon Park
caadria2015_099,Juhun Lee
caadria2015_099,Alejandra Romo
caadria2015_102,Paul Loh
caadria2015_105,A. Hosny
caadria2015_105,N. Jacobson
caadria2015_105,Z. Seibold
caadria2015_108,Stylianos Dritsas
caadria2015_109,Rafael Moya
caadria2015_111,Mostafa W. Alani
caadria2015_111,Carlos R. Barrios
caadria2015_114,Rudi Stouffs
caadria2015_117,Andrzej Zarzycki
caadria2015_119,Jungrim Ryu
caadria2015_119,Seung Yeon Choo
caadria2015_122,Kuan-Ying Wu
caadria2015_122,June-Hao Hou
caadria2015_124,Ömer H. Çavuşoğlu 
caadria2015_126,Serdar Aydin
caadria2015_126,Marc Aurel Schnabel
caadria2015_130,Raid Hanna
caadria2015_137,Krisanee Meechao
caadria2015_139,Christiane Marger Herr
caadria2015_139,Ryan C. Ford
caadria2015_142,Milena Stavric
caadria2015_142,Thomas Bogensperger
caadria2015_145,Philip F. Yuan
caadria2015_145,Hua Chai
caadria2015_150,Thomas Fischer
caadria2015_156,Cristina Nan
caadria2015_157,Patrick Janssen
caadria2015_162,Hiroshi Amano
caadria2015_164,Tim Mcginley
caadria2015_164,Darren Fong
caadria2015_168,Ziyu Tong
caadria2015_170,Yu Chen Chen
caadria2015_170,Chao-Ming Wang
caadria2015_172,Thian-Siong Choo
caadria2015_172,Patrick Janssen
caadria2015_176,Youngeun Oh
caadria2015_176,Hyun Soo Lee
caadria2015_178,Patrick Janssen
caadria2015_178,Rudi Stouffs
caadria2015_179,Eonyong Kim
caadria2015_179,Jongtaek Yun
caadria2015_179,Sanghyun Cho
caadria2015_181,Igor Pantic
caadria2015_181,Soomeen Hahm
caadria2015_185,Maria João De Oliveira
caadria2015_185,Vasco Moreira Rato
caadria2015_188,Stefan Krakhofer
caadria2015_188,Martin Kaftan
caadria2015_190,Yi-Sin Wu
caadria2015_190,Teng-Wen Chang
caadria2015_194,Chi-Ming Lu
caadria2015_194,Jia-Yih Chen
caadria2015_194,Cheng-An Pan
caadria2015_194,Taysheng Jeng
caadria2015_202,Felix Amtsberg
caadria2015_202,Felix Raspall
caadria2015_202,Andreas Trummer
caadria2015_203,Walaiporn Nakapan
caadria2015_206,Sheng-Fen Chien
caadria2015_206,Hsiu-Pai Su
caadria2015_206,Yu-Wei Huang
caadria2015_208,Shani Sharif
caadria2015_208,T. Russell Gentry
caadria2015_209,Lorena C. de S. Moreira
caadria2015_209,Regina Coeli Ruschel
caadria2015_210,Kevin Sweet
caadria2015_213,Sorachai Kornkasem
caadria2015_213,John B. Black
caadria2015_218,Kihong Ku
caadria2015_218,Daniel Hii Jun Chung
caadria2015_220,Nancy Y. Cheng
caadria2015_220,Mehrnoush Latifi
caadria2015_220,Nicholas Williams
caadria2015_220,Daniel Prohasky
caadria2015_220,Jane Burry
caadria2015_226,Ardavan Bidgoli
caadria2015_226,Daniel Cardoso-Llach
caadria2015_233,Ruwan A. Fernando
caadria2015_233,Robin Drogemuller
caadria2015_237,Frano. Bazalo
caadria2015_237,Tane Jacob Moleta
caadria2015_246,Wendy W. Fok
caadria2016_003,Tane Jacob Moleta
caadria2016_003,Timothy G. Voss
caadria2016_013,Gideon D.P.A. Aschwanden
caadria2016_023,Bewketu Kassa
caadria2016_023,Hyoung-June Park
caadria2016_033,Marc Aurel Schnabel
caadria2016_033,Yingyi Zhang
caadria2016_045,Annisa R. Rizal
caadria2016_045,Ben Doherty
caadria2016_045,Matthias Hank Haeusler
caadria2016_055,Sangho Lee
caadria2016_055,Seyun An
caadria2016_055,Soyeon Kim
caadria2016_055,Yountaik Leem
caadria2016_063,Derek Kawiti
caadria2016_063,James Durcan
caadria2016_063,Marc Aurel Schnabel
caadria2016_073,Jin-Kook Lee
caadria2016_073,Seokyung Park
caadria2016_085,Guohua Ji
caadria2016_095,Michael Ostwald
caadria2016_095,Ning Gu
caadria2016_095,Rongrong Yu
caadria2016_105,Dong Yan
caadria2016_105,Weixin Huang
caadria2016_105,Zhida Song
caadria2016_115,Rudi Stouffs
caadria2016_125,I-Chih Chen
caadria2016_125,June-Hao Hou
caadria2016_135,Deedee Min
caadria2016_135,Ji-Hyun Lee
caadria2016_147,António Leitão
caadria2016_147,B. Ferreira
caadria2016_147,G. Barreto
caadria2016_147,Sofia Feist
caadria2016_157,Akshata Mohanty
caadria2016_157,Patrick Janssen
caadria2016_157,Ruize Li
caadria2016_167,Hsiu-Pai Su
caadria2016_167,Sheng-Fen Chien
caadria2016_177,Giacomo Nannicini
caadria2016_177,Thomas Wortmann
caadria2016_187,Camilo Cruz
caadria2016_187,Justyna Karakiewicz
caadria2016_187,Michael Kirley
caadria2016_197,Yannis Zavoleas
caadria2016_209,Guohua Ji
caadria2016_209,Likai Wang
caadria2016_209,Zilong Tan
caadria2016_219,Daniel Prohasky
caadria2016_219,Jane Burry
caadria2016_219,Jesse Mccarty 
caadria2016_219,Mehrnoush Latifi
caadria2016_219,Rafael Moya Castro
caadria2016_219,Simon Watkins
caadria2016_229,Abel Tablada
caadria2016_229,Ji Zhang
caadria2016_229,Nyuk Hien Wong
caadria2016_229,Rudi Stouffs
caadria2016_229,Yuezhong Liu
caadria2016_239,Daniel J. Prohasky
caadria2016_239,Jane Burry
caadria2016_239,Rafael Moya Castro
caadria2016_239,Simon Watkins
caadria2016_249,Taichi Kuma
caadria2016_259,Jia-Yih Chen
caadria2016_259,Shao-Chu Huang
caadria2016_271,Chin Koi Khoo
caadria2016_271,Flora Salim
caadria2016_281,Diego Pinochet
caadria2016_291,Akito Hotta
caadria2016_291,Kensuke Hotta
caadria2016_301,J. Hollick
caadria2016_301,Sambit Datta
caadria2016_301,Teng-Wen Chang
caadria2016_311,Kuan-Lin Chen
caadria2016_311,Ming-Ying Wu
caadria2016_311,Yu-Chun Huang
caadria2016_321,Min-Nan Liao
caadria2016_321,Sambit Datta
caadria2016_321,Teng-Wen Chang
caadria2016_321,Yi-Sin Wu
caadria2016_333,Benjamin Strobel
caadria2016_333,Frank Petzold
caadria2016_333,Gerhard Schubert
caadria2016_343,Aswin Indraprastha
caadria2016_343,Nova Asriana
caadria2016_353,Feng Yuan
caadria2016_353,Shuyi Huang
caadria2016_353,Tong Xiao
caadria2016_363,Alexander Lee
caadria2016_363,Matthias Hank Haeusler
caadria2016_363,Suleiman Alhadidi
caadria2016_373,Mary Katherine Heinrich
caadria2016_373,Phil Ayres
caadria2016_383,A. Hauck
caadria2016_383,C. Beorkrem
caadria2016_383,J. Ellinger
caadria2016_383,P. Bernstein
caadria2016_395,J. P. Ugarte
caadria2016_395,M. Leef
caadria2016_405,Alessandro Liuti
caadria2016_405,Keryn Liew
caadria2016_405,Lian Chen Ng
caadria2016_415,Adam Fingrut
caadria2016_415,Kristof Crolla
caadria2016_425,Firza Utama Sjarifudin
caadria2016_435,Chieh-Jen Lin
caadria2016_445,François Guéna
caadria2016_445,Joaquim Silvestre
caadria2016_445,Yasushi Ikeda
caadria2016_457,Kokfu Lok
caadria2016_457,Szu-Yin Chen
caadria2016_457,Tay-Sheng Jeng
caadria2016_467,Eonyong Kim
caadria2016_467,Hanjong Jun
caadria2016_467,Mikyoung Kim
caadria2016_467,Seungyeul Ji
caadria2016_477,C. C. Hsu
caadria2016_477,Mao-Lin Chiu
caadria2016_477,Y. P. Ma
caadria2016_487,Inhan Kim
caadria2016_487,Jihye Shin
caadria2016_487,Jungsik Choi
caadria2016_497,Jaehong Jun
caadria2016_497,Jungrim Ryu
caadria2016_497,Seunghyeon Lee
caadria2016_497,Seungyeon Choo
caadria2016_507,Inhan Kim
caadria2016_507,Jiyong Lee
caadria2016_507,Jungsik Choi
caadria2016_517,Pei Wen Lu
caadria2016_517,Yang-Ting Shen
caadria2016_529,David Jenny
caadria2016_529,Fabio Gramazio
caadria2016_529,Matthias Kohler
caadria2016_529,Romana Rust
caadria2016_539,D. Goldbach
caadria2016_539,E. Lublasser
caadria2016_539,Johannes Braumann
caadria2016_539,Sigrid Brell-Cokcan
caadria2016_549,Christiane M. Herr
caadria2016_549,Thomas Fischer
caadria2016_559,Baris Cokcan
caadria2016_559,Johannes Braumann
caadria2016_559,Martin Trautz
caadria2016_559,W. Winter
caadria2016_569,Dharman Gersch
caadria2016_569,Nicholas Williams
caadria2016_579,Rachel Tan
caadria2016_579,Stylianos Dritsas
caadria2016_589,Kostas Grigoriadis
caadria2016_601,Stephen Harfield
caadria2016_601,Wajdy Qattan
caadria2016_611,Stylianos Dritsas
caadria2016_621,Ji Ho Lee
caadria2016_621,Ji-Hyun Lee
caadria2016_631,Jane Burry
caadria2016_631,Pantea Alambeigi
caadria2016_631,Sipei Zhao
caadria2016_631,Xiaojun Qiu
caadria2016_641,B. Heiermann
caadria2016_641,D. Baerlecken
caadria2016_641,J. Reitz
caadria2016_641,K. Wright
caadria2016_641,N. Mueller
caadria2016_651,Jane Burry
caadria2016_651,Malte Wagenfeld
caadria2016_651,Paul Loh
caadria2016_663,Ali Motamedi
caadria2016_663,Masahiro Hosokawa
caadria2016_663,Nobuyoshi Yabuki
caadria2016_663,Takashi Michikawa
caadria2016_663,Tomohiro Fukuda
caadria2016_673,Fredrik JöRnebrant
caadria2016_673,Mattias Roupé
caadria2016_673,Mikael Johansson
caadria2016_673,Mikael Viklund Tallgren
caadria2016_673,Petru Andrei Tomsa
caadria2016_683,Davide Pierini
caadria2016_683,Marc Aurel Schnabel
caadria2016_683,Serdar Aydin
caadria2016_683,Tane Jacob Moleta
caadria2016_683,Tomás Dorta
caadria2016_693,Henry Skates
caadria2016_693,Karine Dupre
caadria2016_693,Ruwan Fernando
caadria2016_703,Ali Motamedi
caadria2016_703,Nobuyoshi Yabuki
caadria2016_703,Takashi Michikawa
caadria2016_703,Tomohiro Fukuda
caadria2016_703,Yakui Ding
caadria2016_713,Ali Motamedi
caadria2016_713,Nobuyoshi Yabuki
caadria2016_713,Takashi Michikawa
caadria2016_713,Tomohiro Fukuda
caadria2016_713,Yusuke Sato
caadria2016_725,Ronglou Zhou
caadria2016_725,Ziyu Tong
caadria2016_735,Jose Pedro Sousa
caadria2016_735,Pedro De Azambuja Varela
caadria2016_735,Pedro Martins
caadria2016_745,Seiichi Suzuki E.
caadria2016_755,David Leggett
caadria2016_755,Paul Loh
caadria2016_755,Timothy Cameron
caadria2016_767,Pedro De Azambuja Varela
caadria2016_767,Timothy R. Merritt
caadria2016_777,Andry Widyowijatnoko
caadria2016_777,Rakhmat F. Aditra
caadria2016_787,Andrew Kudless
caadria2016_787,Chris Knapp
caadria2016_787,Jonathan Nelson
caadria2016_787,Sascha Bohnenberger
caadria2016_797,Guillaume Habert
caadria2016_797,Isolda Agustí-Juan
caadria2016_809,Walaiporn Nakapan
caadria2016_819,Hedda H. Askland
caadria2016_819,Nicholas C. Foulcher
caadria2016_819,Ning Gu
caadria2016_829,Matthew Austin
caadria2016_829,Wajdy Qattan
caadria2016_839,Keisuke Toyoda
caadria2016_839,Tsukasa Takenaka
caadria2016_839,Yasushi Ikeda
caadria2016_851,Benay Gursoy
caadria2016_861,Jennifer Shields
caadria2016_861,John S. Gero
caadria2016_861,Rongrong Yu
caadria2016_871,B. Gardiner
caadria2016_871,P. Tombesi
caadria2016_871,S. Colabella
caadria2016_881,François Guéna
caadria2016_881,Joaquim Silvestre
caadria2016_881,Yasushi Ikeda
caadria2017_001,Marc Aurel Schnabel
caadria2017_001,Ning Wang
caadria2017_001,Rong Chen
caadria2017_001,Yi He
caadria2017_002,Jane Burry
caadria2017_002,Manuel Muehlbauer
caadria2017_002,Matthias Hank Haeusler
caadria2017_002,Sascha Bohnenberger
caadria2017_003,David Leggett
caadria2017_003,Paul Loh
caadria2017_004,Marc Aurel Schnabel
caadria2017_004,Tane Jacob Moleta
caadria2017_004,Tian Tian Lo
caadria2017_005,Jing Lin Koh
caadria2017_005,Stylianos Dritsas
caadria2017_005,Tian Xia
caadria2017_005,Yi Qian Goh
caadria2017_005,Yutong Chen
caadria2017_008,Hao Hua
caadria2017_008,Tingli Jia
caadria2017_009,David Leggett
caadria2017_009,Paul Loh
caadria2017_009,Shawn Jyh Shen Koh
caadria2017_009,Xuyou Yang
caadria2017_015,Antony Pelosi
caadria2017_016,Ju Hyun Lee
caadria2017_016,Michael Ostwald
caadria2017_016,Rongrong Yu
caadria2017_017,Eonyong Kim
caadria2017_017,Hyejin Park
caadria2017_017,Seunghyeon Lee
caadria2017_017,Seungyeon Choo
caadria2017_018,Dagmar Reinhardt
caadria2017_018,Shayani Fernando
caadria2017_018,Simon Weir
caadria2017_021,Hyunsoo Lee
caadria2017_021,Ji-Hyoun Hwang
caadria2017_023,John S. Gero
caadria2017_027,Andrew Butler
caadria2017_027,Madeleine Johanson
caadria2017_027,Matthias Hank Haeusler
caadria2017_027,Nazmul Khan
caadria2017_027,Rob Asher
caadria2017_028,Alessandra Fabbri
caadria2017_028,Erik Escalante
caadria2017_028,Lachlan Sharah
caadria2017_028,Matthias Hank Haeusler
caadria2017_028,Romain Guillot
caadria2017_029,Yong Kang Cao
caadria2017_029,Zheng Sun
caadria2017_030,Shuo Wang
caadria2017_030,Shuoxian Wu
caadria2017_030,Yuezhe Zhao
caadria2017_031,Jane Burry
caadria2017_031,Kristof Crolla
caadria2017_031,Manuel Muehlbauer
caadria2017_031,Nicholas Williams
caadria2017_033,Bin Zhang
caadria2017_033,Jun Liu
caadria2017_033,Tengteng Qu
caadria2017_033,Wei Zang
caadria2017_033,Weiwei Li
caadria2017_033,Yongsheng Wang
caadria2017_033,Yun Zhu
caadria2017_033,Zhenwei Peng
caadria2017_035,Emad Al-Qattan
caadria2017_035,Philip Galanter
caadria2017_035,Wei Yan
caadria2017_037,Christoph Klemmt
caadria2017_037,Rajat Sodhi
caadria2017_040,Blaire Haslop
caadria2017_040,Marc Aurel Schnabel
caadria2017_040,Serdar Aydin
caadria2017_041,Chin Kiat Sia
caadria2017_041,Kendall Koh
caadria2017_041,Rachel Tan
caadria2017_041,Stylianos Dritsas
caadria2017_041,Yong Kiat Tee
caadria2017_042,Anycie Coorey
caadria2017_042,Ben Coorey
caadria2017_043,Anycie Coorey
caadria2017_043,Ben Coorey
caadria2017_043,Matthias Hank Haeusler
caadria2017_046,Kaiko Kivi
caadria2017_046,Renee Puusepp
caadria2017_046,Taavi Lõoke
caadria2017_047,Kristof Crolla
caadria2017_047,Sining Wang
caadria2017_048,Dan Luo
caadria2017_048,Pengyu Zhang
caadria2017_048,Rui Dai
caadria2017_048,Weiguo Xu
caadria2017_048,Weixin Huang
caadria2017_048,Yufeng Zhu
caadria2017_051,Rudi Stouffs
caadria2017_051,Yuezhong Liu
caadria2017_052,Chengyu Sun
caadria2017_052,Diqiong Xu
caadria2017_052,Kryvko Daria
caadria2017_052,Peihong Tao
caadria2017_054,António Leitão
caadria2017_054,Carmo Cardoso
caadria2017_054,Renata Castelo Branco
caadria2017_055,António Leitão
caadria2017_055,Inês Caetano
caadria2017_056,Marina A. P. Andrade
caadria2017_056,Miguel Carreiro
caadria2017_056,Miguel Sales Dias
caadria2017_057,Gerhard Schmitt
caadria2017_057,Lukas Treyer
caadria2017_057,Peter Buš
caadria2017_058,Artem Chirkin
caadria2017_058,Lukas Treyer
caadria2017_058,Mei-Chih Chang
caadria2017_058,Peter Buš
caadria2017_058,Reinhard Koenig
caadria2017_058,Yufan Miao
caadria2017_062,Han-Jong Jun
caadria2017_062,Mi-Kyoung Kim
caadria2017_062,Seung Yeul Ji
caadria2017_063,Weiguo Xu
caadria2017_063,Yidong Ma
caadria2017_067,Juliano Pita
caadria2017_067,Marcelo Tramontano
caadria2017_069,Lawrence Sass
caadria2017_069,Lujie Chen
caadria2017_069,Stylianos Dritsas
caadria2017_070,Jenny Xie
caadria2017_070,Kent Larson
caadria2017_070,Luis Alonso
caadria2017_070,Nai Chun Chen
caadria2017_070,Phil Tinn
caadria2017_070,Takehiko Nagakura
caadria2017_072,Apiwat Pattanasirimongkol
caadria2017_072,Walaiporn Nakapan
caadria2017_072,Yee Kee Ku
caadria2017_074,Gilbert Fung
caadria2017_074,Halil Erhan
caadria2017_074,Ivy Wang
caadria2017_074,Janelynn Chan
caadria2017_074,Naghmi Shireen
caadria2017_079,Ali Motamedi
caadria2017_079,Munetoshi Miyake
caadria2017_079,Nobuyoshi Yabuki
caadria2017_079,Tomohiro Fukuda
caadria2017_080,Jan Knippers
caadria2017_080,Seiichi Suzuki
caadria2017_081,Ali Motamedi
caadria2017_081,Kazuki Yokoi
caadria2017_081,Nobuyoshi Yabuki
caadria2017_081,Tomohiro Fukuda
caadria2017_085,Han-Jong Jun
caadria2017_085,Mi-Kyoung Kim
caadria2017_085,Yong-Ju Lee
caadria2017_086,Immanuel Koh
caadria2017_086,Jeffrey Huang
caadria2017_086,Paul Keel
caadria2017_094,Gavin Perin
caadria2017_094,Linda Matthews
caadria2017_095,Hyo Jung Lee
caadria2017_095,Hyunsoo Lee
caadria2017_096,Christiane M. Herr
caadria2017_096,Haofeng Wang
caadria2017_101,Benjamin Spaeth
caadria2017_101,Chenke Zhang
caadria2017_101,Hao Wu
caadria2017_101,Theodoros Dounas
caadria2017_104,Benjamin Spaeth
caadria2017_104,Chitraj Bissoonauth
caadria2017_104,Isaac Galobardes
caadria2017_104,Theodoros Dounas
caadria2017_104,Xiao Lu
caadria2017_105,Patrick Janssen
caadria2017_107,Haojie Hu
caadria2017_107,Qiuyi Bian
caadria2017_107,Yingnan Chen
caadria2017_107,Zixuan Luo
caadria2017_107,Ziyu Tong
caadria2017_109,Kensuke Hotta
caadria2017_109,Mizuki Muraoka
caadria2017_109,Naoki Imanishi
caadria2017_109,Ran Tateyama
caadria2017_109,Shinichiro Hinoki
caadria2017_109,U-ichi Abe
caadria2017_109,Yasushi Ikeda
caadria2017_110,Danilo Di Mascio
caadria2017_113,Mingbo Wu
caadria2017_113,Weixin Huang
caadria2017_113,Yuming Lin
caadria2017_115,Matthias Hank Haeusler
caadria2017_115,Rebekah Araullo
caadria2017_118,Sema Alaçam
caadria2017_118,Serkan Kocabay
caadria2017_122,Kai-Hsiang Liang
caadria2017_122,Zi-Ru Chen
caadria2017_123,Aleksandra Raonic
caadria2017_123,Milos Raonic
caadria2017_124,Thomas Wortmann
caadria2017_125,Jian Ming Huang
caadria2017_127,Christiane M. Herr
caadria2017_127,Thomas Fischer
caadria2017_129,Trevor Ryan Patt
caadria2017_131,Akito Hotta
caadria2017_131,Hikaru Ikeda
caadria2017_131,Kensuke Hotta
caadria2017_131,U-ichi Abe
caadria2017_131,Yasushi Ikeda
caadria2017_131,Yosuke Takami
caadria2017_132,António Leitão
caadria2017_132,Bruno Ferreira
caadria2017_132,Sofia Feist
caadria2017_134,Andrzej Zarzycki
caadria2017_134,Mathew Schwartz
caadria2017_135,Hayan Kim
caadria2017_135,Jaeyoung Shin
caadria2017_135,Jin-Kook Lee
caadria2017_135,Jungsik Choi
caadria2017_136,Cheng Zhang
caadria2017_136,Lijing Ong
caadria2017_142,Sawako Kaijima
caadria2017_142,Tat Lin Lee
caadria2017_142,Ying Yi Tan
caadria2017_145,Ebrahim Poustinchi
caadria2017_145,Nooshin Ahmadi
caadria2017_145,Saleh Kalantari
caadria2017_147,Andrew Cokro Putra
caadria2017_147,Aswin Indraprastha
caadria2017_147,Augustine Nathania Chirstanti
caadria2017_147,Fauzan Alfi Agirachman
caadria2017_147,Irene Debora Meilisa Sitompul
caadria2017_147,Michihiko Shinozaki
caadria2017_147,Ruri Nuraeni
caadria2017_147,Teresa Zefanya
caadria2017_147,Yo Ozawa
caadria2017_149,Rachel Dickey
caadria2017_155,Edgar Rodriguez
caadria2017_155,Judyta Maria Cichocka
caadria2017_155,Will Neil Browne
caadria2017_158,Tane Jacob Moleta
caadria2017_163,Mohammad Hassan Saleh Tabari
caadria2017_163,Saleh Kalantari
caadria2017_165,Alireza Borhani
caadria2017_165,Ergun Akleman
caadria2017_165,Negar Kalantar
caadria2017_168,Alireza Borhani
caadria2017_168,Negar Kalantar
caadria2017_174,Gabriel Wurzer
caadria2017_174,Wolfgang E. Lorenz
caadria2017_175,Andrei Smolik
caadria2017_175,Sambit Datta
caadria2017_175,Teng-Wen Chang
caadria2017_182,Matthew Austin
caadria2017_183,Dominik Holzer
caadria2017_185,Brett Abroe
caadria2017_185,David Kroll
caadria2017_185,Matt Murphy
caadria2017_185,Ning Gu
caadria2017_185,Tessa Sare
caadria2017_185,Tim McGinley
caadria2017_189,Dagmar Reinhardt
caadria2017_189,Densil Cabrera
caadria2017_190,Timothy R. Merritt
caadria2017_190,Troels A. Rasmussen
caadria2018_008,Arthur Ngo Foon Chan
caadria2018_008,Darwin Lau
caadria2018_008,Ding Yuen Shan Chan
caadria2018_008,Kristof Crolla
caadria2018_008,Paul Hung Hon Cheng
caadria2018_010,Daniel Cardoso Llach
caadria2018_010,Lu Han
caadria2018_016,Ata Zahedi
caadria2018_016,Frank Petzold
caadria2018_018,Weixin Huang
caadria2018_018,Yuming Lin
caadria2018_022,Christoph Klemmt
caadria2018_022,Connor Hymes
caadria2018_025,Anastasia Globa
caadria2018_025,Chin Koi Khoo
caadria2018_025,Jules Moloney
caadria2018_025,Rui Wang
caadria2018_029,Mohammed Ayoub
caadria2018_033,Nan Bai
caadria2018_033,Weixin Huang
caadria2018_037,Mahdi Moghimi
caadria2018_037,Mahdi Valitabar
caadria2018_037,Mohammadjavad Mahdavinejad
caadria2018_037,Peiman Pilechiha
caadria2018_039,Pengyu Zhang
caadria2018_039,Weiguo Xu
caadria2018_044,Kazuya Inoue
caadria2018_044,Nobuyoshi Yabuki
caadria2018_044,Rui Cao
caadria2018_044,Tomohiro Fukuda
caadria2018_046,Erica Cochran Hameen
caadria2018_046,Siliang Lu
caadria2018_049,Dinglu Wang
caadria2018_049,Mingyan Yang
caadria2018_049,Tongda Xu
caadria2018_049,Weixin Huang
caadria2018_049,Xiaohui You
caadria2018_050,Marc Aurel Schnabel
caadria2018_050,Tian Tian Lo
caadria2018_052,Enrica Fung
caadria2018_052,Kristof Crolla
caadria2018_054,Xiaofei Shen
caadria2018_056,Arina Sender
caadria2018_056,Artem Chirkin
caadria2018_056,Maxim Pishniy
caadria2018_057,Anirudh Nandavar
caadria2018_057,Frank Petzold
caadria2018_057,Gerhard Schubert
caadria2018_057,Jimmy Nassif
caadria2018_059,Hyunsoo Lee
caadria2018_059,Ji-Hyoun Hwang
caadria2018_062,Amartuvshin Narengerel
caadria2018_062,Chae-Seok Lee
caadria2018_062,Ji-Hyun Lee
caadria2018_062,Sukjoo Hong
caadria2018_065,Milad Showkatbakhsh
caadria2018_065,Mohammed Makki
caadria2018_066,Bimal Balakrishnan
caadria2018_066,James Hopfenblatt
caadria2018_067,Cong Guo
caadria2018_067,Shuai Lu
caadria2018_068,Zubin Khabazi
caadria2018_070,Poltak Pandjaitan
caadria2018_076,Chengyu Sun
caadria2018_076,Laura Ruiz
caadria2018_076,Tongyu Sun
caadria2018_076,Yuze Wang
caadria2018_076,Zhaohua Zheng
caadria2018_077,Cheddadi Mohammed Aqil
caadria2018_077,Hisayuki Ogihara
caadria2018_077,Kensuke Hotta
caadria2018_077,Naoki Imanishi
caadria2018_077,Yasushi Ikeda
caadria2018_080,Cheryl Ng
caadria2018_080,Chi Kwan Leung
caadria2018_080,Felix Amtsberg
caadria2018_080,Priscilla Teh
caadria2018_080,Stylianos Dritsas
caadria2018_082,Li Zhu
caadria2018_082,Yang Yang
caadria2018_083,Dan Luo
caadria2018_083,Jinsong Wang
caadria2018_083,Weiguo Xu
caadria2018_085,Chia-Chun Chung
caadria2018_085,Tay-Sheng Jeng
caadria2018_086,António Leitão
caadria2018_086,Renata Castelo Branco
caadria2018_097,Daekwon Park
caadria2018_101,Abel Tablada
caadria2018_101,Chao Yuan
caadria2018_101,Huajing Huang
caadria2018_101,Ian Chaplin
caadria2018_101,Siu-Kit Lau
caadria2018_101,Stephen Siu-Yu Lau
caadria2018_103,Chang Liu
caadria2018_103,Takehiko Nagakura
caadria2018_103,Xu Zhang
caadria2018_107,Nobuyoshi Yabuki
caadria2018_107,Tomohiro Fukuda
caadria2018_107,Yuehan Zhu
caadria2018_115,Maya Przybylski
caadria2018_118,Chien-Jung Liao
caadria2018_118,Chih-Hsing Chu
caadria2018_118,Zi-Ru Chen
caadria2018_121,Andrew John Wit
caadria2018_122,Alessandra Fabbri
caadria2018_122,Andrew Butler
caadria2018_122,Ben Doherty
caadria2018_122,Emily Leung
caadria2018_122,Matthias Hank Haeusler
caadria2018_122,Nicole Gardner
caadria2018_122,Rob Asher
caadria2018_125,Alessandra Fabbri
caadria2018_125,Ben Cooper-Wooley
caadria2018_125,Ben Doherty
caadria2018_125,Jorke Odolphi
caadria2018_125,Matthias Hank Haeusler
caadria2018_125,Narissa Bungbrakearti
caadria2018_125,Nicole Gardner
caadria2018_126,Alessandra Fabbri
caadria2018_126,Ben Doherty
caadria2018_126,Jorge Martinez
caadria2018_126,Lucas Kim
caadria2018_126,Matthias Hank Haeusler
caadria2018_126,Nariddh Khean
caadria2018_126,Nicole Gardner
caadria2018_130,Tsukasa Ishizawa
caadria2018_130,Yahan Xiao
caadria2018_130,Yasushi Ikeda
caadria2018_132,Chao Yan
caadria2018_134,Akihiro Kawabe
caadria2018_134,Shun Watanabe
caadria2018_140,Chun-Yung Wang
caadria2018_140,June-Hao Hou
caadria2018_142,Cheng Sun
caadria2018_142,Jia Zeng
caadria2018_142,Kai Xing
caadria2018_154,Ena Lloret Fritschi
caadria2018_154,Fabio Gramazio
caadria2018_154,Fabio Scotto
caadria2018_154,Matthias Kohler
caadria2018_154,Robert J. Flatt
caadria2018_156,Felix Amtsberg
caadria2018_156,Ryan Wei Shen Chee
caadria2018_156,Stylianos Dritsas
caadria2018_156,Wei Hern Goh
caadria2018_156,Wei Lin Tan
caadria2018_158,Immanuel Koh
caadria2018_161,Marcus White
caadria2018_161,Mark Burry
caadria2018_161,Xiaoran Huang
caadria2018_162,Alessandra Fabbri
caadria2018_162,Ben Cooper-Wooley
caadria2018_162,Ben Doherty
caadria2018_162,Dominic Hawton
caadria2018_162,Jorke Odolphi
caadria2018_162,Matthias Hank Haeusler
caadria2018_162,Nicole Gardner
caadria2018_165,Hua Chai
caadria2018_165,Jinxi Jin
caadria2018_165,Philip F. Yuan
caadria2018_167,Chengyu Sun
caadria2018_167,Laura Ruiz
caadria2018_167,Tongyu Sun
caadria2018_167,Yuze Wang
caadria2018_167,Zhaohua Zheng
caadria2018_170,Rudi Stouffs
caadria2018_173,Rudi Stouffs
caadria2018_174,Dennis Lagemann
caadria2018_180,Frank Petzold
caadria2018_180,Mohammed Mekawy
caadria2018_181,Daekwon Park
caadria2018_181,Juhun Lee
caadria2018_181,Junho Chun
caadria2018_182,Kyung Hoon Hyun
caadria2018_188,Alessandra Fabbri
caadria2018_188,K. Daniel Yu
caadria2018_188,Katrina Simons
caadria2018_188,Matthias Hank Haeusler
caadria2018_190,Ju Hyun Lee
caadria2018_190,Mark Taylor
caadria2018_190,Michael Ostwald
caadria2018_190,Ning Gu
caadria2018_197,Jessie Rogers
caadria2018_197,Marc Aurel Schnabel
caadria2018_197,Tian Tian Lo
caadria2018_198,Chris Bickerton
caadria2018_198,Christhina Candido
caadria2018_198,Dagmar Reinhardt
caadria2018_198,Densil Cabrera
caadria2018_198,Dylan Wozniak-O'Connor
caadria2018_198,Maryam Houda
caadria2018_198,Ninotschka Titchkosky
caadria2018_198,Rodney Watt
caadria2018_199,Guohua Ji
caadria2018_199,Likai Wang
caadria2018_199,Patrick Janssen
caadria2018_209,Changlin Li
caadria2018_209,Chao Yan
caadria2018_209,Jiawei Yao
caadria2018_209,Philip F. Yuan
caadria2018_209,Yao Zhao
caadria2018_209,Yuqiong Lin
caadria2018_210,Jiawei Yao
caadria2018_210,Jingyun Zheng
caadria2018_210,Philip F. Yuan
caadria2018_210,Yuqiong Lin
caadria2018_211,Hao Yin
caadria2018_211,Jiawei Yao
caadria2018_211,Philip F. Yuan
caadria2018_211,Yao Zhao
caadria2018_211,Zhe Guo
caadria2018_212,Tat Lin Lee
caadria2018_212,Ying Yi Tan
caadria2018_215,Carlos Banon
caadria2018_215,Felix Raspall
caadria2018_216,Liming Zhang
caadria2018_216,Philip F. Yuan
caadria2018_216,Zhewen Chen
caadria2018_217,Le-Min Zhang
caadria2018_217,Ruo-Xi Zhang
caadria2018_217,Tay-Sheng Jeng
caadria2018_228,David Newton
caadria2018_232,Ebrahim Poustinchi
caadria2018_232,Gregory Luhan
caadria2018_232,Shengmian Wang
caadria2018_235,Rebekah Araullo
caadria2018_237,Chae-Seok Lee
caadria2018_237,Gi Bbeum Lee
caadria2018_237,Injung Lee
caadria2018_237,Ji-Hyun Lee
caadria2018_237,Meereh Kim
caadria2018_237,Taeha Yi
caadria2018_241,Hyoung-June Park
caadria2018_241,Kalani Molina
caadria2018_243,Shi Yin
caadria2018_243,Yiqiang Xiao
caadria2018_245,Marc Aurel Schnabel
caadria2018_245,Shuva Chowdhury
caadria2018_257,Shermeen Yousif
caadria2018_257,Wei Yan
caadria2018_259,Erin Hunt
caadria2018_259,Leslie Forehand
caadria2018_259,Nick Loughrey
caadria2018_259,Nick Senske
caadria2018_259,Sarah Schneider
caadria2018_259,Shelby Doyle
caadria2018_264,Cheng Sun
caadria2018_264,Hui Ren
caadria2018_264,Yunsong Han
caadria2018_268,Joie Lim
caadria2018_268,Patrick Janssen
caadria2018_268,Rudi Stouffs
caadria2018_270,Dagmar Reinhardt
caadria2018_270,Maryam Houda
caadria2018_273,Philip F. Yuan
caadria2018_273,Xiang Wang
caadria2018_273,Xiang Wang
caadria2018_276,Adam Hannouch
caadria2018_276,Dagmar Reinhardt
caadria2018_276,Densil Cabrera
caadria2018_276,Hugo Caldwell
caadria2018_278,António Leitão
caadria2018_278,Catarina Belém
caadria2018_278,Francisco Bastos
caadria2018_278,Guilherme Ilunga
caadria2018_278,Inês Caetano
caadria2018_278,Rita Aguiar
caadria2018_278,Sofia Feist
caadria2018_280,Alric Lee
caadria2018_280,Ikuya Hanaoka
caadria2018_280,Kensuke Hotta
caadria2018_280,Seigo Tanaka
caadria2018_281,Hyunsoo Lee
caadria2018_281,Jisun Lee
caadria2018_282,Chris Knapp
caadria2018_282,Jonathan Nelson
caadria2018_284,Frank Petzold
caadria2018_284,Michael Mühlhaus
caadria2018_284,Sarah Louise Jenney
caadria2018_287,Christiane M. Herr
caadria2018_287,Davide Lombardi
caadria2018_287,Isaac Galobardes
caadria2018_290,Chuanfei Yu
caadria2018_290,Guoyuan Gao
caadria2018_290,Jia Shi
caadria2018_290,Zhenyu Wang
caadria2018_292,Basem Eid Mohamed
caadria2018_292,Mohamed ElKaftangui
caadria2018_292,Rana Zureikat
caadria2018_293,Hyunsoo Lee
caadria2018_293,Jisun Lee
caadria2018_297,Eonyong Kim
caadria2018_301,Clara Jaschke
caadria2018_301,Marios Tsiliakos
caadria2018_301,Pavlos Fereos
caadria2018_302,Alric Lee
caadria2018_302,Hirokazu Tei
caadria2018_302,Kensuke Hotta
caadria2018_303,Hayan Kim
caadria2018_303,Jaeyeol Song
caadria2018_303,Jin Kook Lee
caadria2018_303,Jin Sung Kim
caadria2018_303,Jungsik Choi
caadria2018_304,Felix Amtsberg
caadria2018_304,Felix Raspall
caadria2018_306,Dan Luo
caadria2018_306,Hongtao Ma
caadria2018_306,Jie Liu
caadria2018_306,Ning Tang
caadria2018_306,Weiguo Xu
caadria2018_309,Alexander Klippel
caadria2018_309,Danielle Oprean
caadria2018_309,Debora Verniz
caadria2018_309,Jan Oliver Wallgrün
caadria2018_309,Jiayan Zhao
caadria2018_309,José Pinto Duarte
caadria2018_310,Jintong Rao
caadria2018_310,Lili Qiu
caadria2018_310,Yuan Li
caadria2018_314,Jaeyeol Song
caadria2018_314,Jin Kook Lee
caadria2018_314,Jin Sung Kim
caadria2018_316,Chao Yan
caadria2018_316,Jiawei Yao
caadria2018_316,Philip F. Yuan
caadria2018_316,Yunyu Zhang
caadria2018_322,Gerhard Schmitt
caadria2018_322,Hangxin Lu
caadria2018_322,Jiaxi Gu
caadria2018_322,Jin Li
caadria2018_322,Johannes Müller
caadria2018_322,Wenwen Wei
caadria2018_322,Yao Lu
caadria2018_324,Maryam Mansoori
caadria2018_324,Negar Kalantar
caadria2018_324,Terry Creasy
caadria2018_324,Zofia Rybkowski
caadria2018_332,Jeroen van Ameijde
caadria2018_332,Yutao Song
caadria2018_333,Dan Cascaval
caadria2018_333,Dana Cupkova
caadria2018_333,Daragh Byrne
caadria2018_337,Ming Tang
caadria2018_342,John Bryant
caadria2018_342,Manish Dixit
caadria2018_342,Maryam Mansoori
caadria2018_342,Negar Kalantar
caadria2018_342,Nikita Bhagat
caadria2018_342,Zofia Rybkowski
caadria2018_343,Alireza Borhani
caadria2018_343,Negar Kalantar
caadria2018_365,Jeremy J. Ham
caadria2019_004,Derek Pung
caadria2019_004,Kian Wee Chen
caadria2019_004,Patrick Janssen
caadria2019_005,Patrick Janssen
caadria2019_005,Pradeep Alva
caadria2019_005,Rudi Stouffs
caadria2019_007,Guohua Ji
caadria2019_007,Likai Wang
caadria2019_007,Patrick Janssen
caadria2019_008,Guohua Ji
caadria2019_008,Likai Wang
caadria2019_008,Patrick Janssen
caadria2019_027,Anirudh Nandavar
caadria2019_027,Elie Youssef
caadria2019_027,Frank Petzold
caadria2019_027,Gerhard Schubert
caadria2019_038,Helga Tauscher
caadria2019_038,Rudi Stouffs
caadria2019_040,Michio Matsubayashi
caadria2019_045,Barrak Darweesh
caadria2019_045,Hao Zheng
caadria2019_045,Heewon Lee
caadria2019_045,Li Yang
caadria2019_054,Bauke de Vries
caadria2019_054,Dennis Claessens
caadria2019_054,Herm Hofmeyer
caadria2019_054,Sjonnie Boonstra
caadria2019_070,Matthias Hank Haeusler
caadria2019_070,Michael White
caadria2019_070,Yannis Zavoleas
caadria2019_074,Lu Wang
caadria2019_074,Nan Bai
caadria2019_077,Jessie Rogers
caadria2019_077,Marc Aurel Schnabel
caadria2019_077,Tane Jacob Moleta
caadria2019_080,Alessandra Fabbri
caadria2019_080,Geoff King
caadria2019_080,Matthias Hank Haeusler
caadria2019_080,Nicole Gardner
caadria2019_080,Stephen Green
caadria2019_080,Yannis Zavoleas
caadria2019_081,Alessandra Fabbri
caadria2019_081,Aron Sheldon
caadria2019_081,Cristina Ramos
caadria2019_081,Matthias Hank Haeusler
caadria2019_081,Nicole Gardner
caadria2019_081,Tiara Dobbs
caadria2019_081,Yannis Zavoleas
caadria2019_091,Bianca Ilha Pereira
caadria2019_093,Fatemeh Shahsavari
caadria2019_093,Rasool Koosha
caadria2019_093,Wei Yan
caadria2019_099,Biao Li
caadria2019_099,Jianan Xu
caadria2019_100,Biao Li
caadria2019_100,Jianan Xu
caadria2019_103,Igor Lacroix
caadria2019_103,Lilian Silva
caadria2019_103,Neander Silva
caadria2019_104,Alessandra Fabbri
caadria2019_104,Matthias Hank Haeusler
caadria2019_104,Michael Chernyavsky
caadria2019_104,Nicole Gardner
caadria2019_104,Ryan Johan
caadria2019_104,Yannis Zavoleas
caadria2019_106,Javier G. Fernandez
caadria2019_106,Naresh Sanandiya
caadria2019_106,Ryan Teo
caadria2019_106,Samuel Halim
caadria2019_106,Stylianos Dritsas
caadria2019_106,Yadunund Vijay
caadria2019_107,Dermott McMeel
caadria2019_109,Jaeyeol Song
caadria2019_109,Jin-Kook Lee
caadria2019_109,Jinsung Kim
caadria2019_117,Leyla Deniz Kiraz
caadria2019_117,Tuba Kocaturk
caadria2019_126,Alessandra Fabbri
caadria2019_126,David Madden
caadria2019_126,Jennifer Mei Yee Ng
caadria2019_126,Matthias Hank Haeusler
caadria2019_126,Nariddh Khean
caadria2019_126,Nicole Gardner
caadria2019_126,Yannis Zavoleas
caadria2019_127,Hyunjae Nam
caadria2019_131,Felix Raspall
caadria2019_131,Sihan Wang
caadria2019_131,Zack Xuereb Conti
caadria2019_132,Nobuyoshi Yabuki
caadria2019_132,Tomohiro Fukuda
caadria2019_132,Yuehan Zhu
caadria2019_134,Chuanfei Yu
caadria2019_134,Jiaxin Zhang
caadria2019_134,Yunqin Li
caadria2019_136,Davide Lombardi
caadria2019_136,Theodoros Dounas
caadria2019_142,Duong Nguyen
caadria2019_142,Marc Aurel Schnabel
caadria2019_142,Tane Jacob Moleta
caadria2019_143,Shohei Matsukawa
caadria2019_143,Yuri Kato
caadria2019_164,Daniela Silva
caadria2019_165,Chuanwen Luo
caadria2019_165,Lu Yin
caadria2019_165,Mingyu Jin
caadria2019_170,Teng-Wen Chang
caadria2019_170,Yi-Sin Wu
caadria2019_171,António Leitão
caadria2019_171,Inês Caetano
caadria2019_171,Maria Sammer
caadria2019_172,António Leitão
caadria2019_172,Catarina Belém
caadria2019_173,Jia Ying Soh
caadria2019_173,Jonathan Ming-En Ng
caadria2019_173,Samuel Yu De Ho
caadria2019_173,Stylianos Dritsas
caadria2019_173,Truman Wei Cheng Ng
caadria2019_176,Alice Sandstrom
caadria2019_176,Hyoung-June Park
caadria2019_180,Kristof Crolla
caadria2019_180,Sining Wang
caadria2019_183,Aaron Paterson
caadria2019_183,Marian Macken
caadria2019_183,Sarosh Mulla
caadria2019_184,Wang Leung Thomas Chung
caadria2019_184,Wenzhi Huangfu
caadria2019_187,Tat Lin Lee
caadria2019_187,Ying Yi Tan
caadria2019_190,Kristof Crolla
caadria2019_190,Zion Chan
caadria2019_194,António Leitão
caadria2019_194,Guilherme Santos
caadria2019_194,Renata Castelo Branco
caadria2019_195,Alexandra C. Paio
caadria2019_195,Filipe JS Brandao
caadria2019_196,Erik Champion
caadria2019_196,Mafkereseb Kassahun Bekele
caadria2019_197,Kaijie Qian
caadria2019_198,Elizabeth Teo
caadria2019_198,Pheeraphat Ratchakitprakarn
caadria2019_198,Rebekah Low
caadria2019_198,Stylianos Dritsas
caadria2019_198,Yu Xie
caadria2019_198,Yun Jie Pang
caadria2019_199,Ralph Spencer Steenblik
caadria2019_199,Will Wang
caadria2019_202,Chunxia Yang
caadria2019_202,Zhuoxing Gu
caadria2019_202,Ziying Yao
caadria2019_204,Gabriela Celani
caadria2019_204,Ning Gu
caadria2019_204,Victor Calixto
caadria2019_211,Anastasia Globa
caadria2019_211,Beau B. Beza
caadria2019_211,Rui Wang
caadria2019_221,Daragh Byrne
caadria2019_221,Jeremy Ficca
caadria2019_221,Luis Borunda
caadria2019_221,Manuel Ladron de Guevara
caadria2019_221,Ramesh Krishnamurti
caadria2019_223,Cheng Sun
caadria2019_223,Chunxing Wang
caadria2019_223,Tianyu Zhao
caadria2019_223,Yongjie Pan
caadria2019_223,Yunsong Han
caadria2019_225,Chin Koi Khoo
caadria2019_225,H. Koon Wee
caadria2019_227,Hongtao Ma
caadria2019_227,Jiahui Chang
caadria2019_227,Jie Liu
caadria2019_227,Qingqing Xu
caadria2019_227,Weiguo Xu
caadria2019_234,Chris Bamborough
caadria2019_240,Emmanuel Beaudry Marchand
caadria2019_240,Sana Boudhraâ
caadria2019_240,Stéphane Safin
caadria2019_240,Tomás Dorta
caadria2019_241,Sam Condrad Joyce
caadria2019_241,Verina Cristie
caadria2019_242,Marie Davidova
caadria2019_245,Li Haiqing
caadria2019_245,Li Yunqin
caadria2019_245,Wang Xueqiang
caadria2019_245,Zhang Jiaxin
caadria2019_252,Hong-Cing Tung
caadria2019_252,Pei-Hsien Hsu
caadria2019_256,Surapong Lertsithichai
caadria2019_259,Alpana Sivam
caadria2019_259,Jorge Ochoa Paniagua
caadria2019_259,Ning Gu
caadria2019_259,Sahar Soltani
caadria2019_259,Tim McGinley
caadria2019_266,Aswin Indraprastha
caadria2019_266,Bima Dwi Pranata Putra
caadria2019_270,Mengjie Gu
caadria2019_270,Ming Mao
caadria2019_270,Qingfeng Ye
caadria2019_270,Quan Liu
caadria2019_270,Xintian Li
caadria2019_273,Gakuhito Hirasawa
caadria2019_273,Keita Kado
caadria2019_275,Dan Luo
caadria2019_275,Weiguo Xu
caadria2019_275,Yuan Gao
caadria2019_280,Harald Kloft
caadria2019_280,Hendrik Lindemann
caadria2019_280,Norman Hack
caadria2019_283,Alexandros Tsamis
caadria2019_283,Daniel Rosenberg
caadria2019_285,James Holth
caadria2019_285,Marc Aurel Schnabel
caadria2019_285,Scott Meekings
caadria2019_285,Tane Jacob Moleta
caadria2019_286,Tiara Dobbs
caadria2019_290,Chenlong Ma
caadria2019_290,Ke Xiang
caadria2019_290,Shuyan Zhu
caadria2019_298,Akito Hotta
caadria2019_298,Gen Karoji
caadria2019_298,Kensuke Hotta
caadria2019_298,Yasushi Ikeda
caadria2019_305,Erik Champion
caadria2019_305,Hafizur Rahaman
caadria2019_307,Binh Vinh Duc Nguyen
caadria2019_307,Chengzhi Peng
caadria2019_307,Tsung-Hsien Wang
caadria2019_318,António Leitão
caadria2019_318,Catarina Belém
caadria2019_318,Helena Martinho
caadria2019_318,Maria da Glória Gomes
caadria2019_318,Roel Loonen
caadria2019_326,Chae-Seok Lee
caadria2019_326,Ji-Hyun Lee
caadria2019_326,Meereh Kim
caadria2019_326,Minkyu Choi
caadria2019_326,Po Yan Lai
caadria2019_326,Taeha Yi
caadria2019_326,Valentin Porcellini
caadria2019_328,Kristina Boychenko
caadria2019_329,Philip F. Yuan
caadria2019_329,Weiran Zhu
caadria2019_329,Yao Zhao
caadria2019_330,M. K. Pokhrel
caadria2019_330,T. N. Anderson
caadria2019_330,T. T. Lie
caadria2019_332,Ji-Hyun Lee
caadria2019_332,Sukjoo Hong
caadria2019_332,Urvashi Dwivedi
caadria2019_332,Valentin Porcellini
caadria2019_332,Zhuming Chang
caadria2019_337,Dimitris Papanikolaou
caadria2019_342,Cyrus Qureshi
caadria2019_342,Marc Aurel Schnabel
caadria2019_342,Tane Jacob Moleta
caadria2019_344,Frank Petzold
caadria2019_344,Gerhard Schubert
caadria2019_344,Ivan Bratoev
caadria2019_344,Vadym Strelchenko
caadria2019_345,Jane Burry
caadria2019_345,Max Marschall
caadria2019_350,Bige Tuncer
caadria2019_350,Johannes Müller
caadria2019_350,Ludovica Tomarchio
caadria2019_350,Peijun He
caadria2019_350,Pieter Herthogs
caadria2019_350,Stephanie Hasler
caadria2019_354,Kensuke Hotta
caadria2019_354,Mohammed Aqil Cheddadi
caadria2019_354,Yasushi Ikeda
caadria2019_360,Jing Liang
caadria2019_360,Lin Luo
caadria2019_362,Jaejong Lee
caadria2019_362,Kensuke Hotta
caadria2019_362,Yasushi Ikeda
caadria2019_365,Ali Motamedi
caadria2019_365,Worawan Natephra
caadria2019_367,James Forren
caadria2019_369,Urs Hirschberg
caadria2019_378,Antony Pelosi
caadria2019_378,Gerard Finch
caadria2019_378,Guy Marriage
caadria2019_378,Morten Gjerde
caadria2019_379,Benay Gursoy
caadria2019_379,Elena Vazquez
caadria2019_379,José Pinto Duarte
caadria2019_385,Andrzej Zarzycki
caadria2019_388,Daniel Brown
caadria2019_388,Hamish Beattie
caadria2019_388,Sara Kindon
caadria2019_396,Nobuyoshi Yabuki
caadria2019_396,Rui Cao
caadria2019_396,Tomohiro Fukuda
caadria2019_398,Adam Hannouch
caadria2019_399,Daniel Dias-da-Costa
caadria2019_399,Maryam Houda
caadria2019_403,Rizal Muslimin
caadria2019_403,Xuhui Lin
caadria2019_404,Choo Seungyeon
caadria2019_404,Gu Hyeongmo
caadria2019_404,Kim Inhan
caadria2019_404,Lee Woojun
caadria2019_404,Park Hyejin
caadria2019_406,Adam Fitriawijaya
caadria2019_406,jeng Taysheng
caadria2019_406,Tsai Hsin-Hsuan
caadria2019_407,Daniel Prohasky
caadria2019_407,David Leggett
caadria2019_407,Paul Loh
caadria2019_411,Liang Yan
caadria2019_411,Nobuyoshi Yabuki
caadria2019_411,Tomohiro Fukuda
caadria2019_413,Adam Barnstorff
caadria2019_413,Chandler Ahrens
caadria2019_413,Joshua Gelbard
caadria2019_413,Roger Chamberlain
caadria2019_413,Scott Mitchell
caadria2019_416,Haruyuki Fujii
caadria2019_416,U Keisen
caadria2019_416,Yuki Kobayashi
caadria2019_419,Ebrahim Poustinchi
caadria2019_422,Peng Tang
caadria2019_422,Xiao Wang
caadria2019_422,Xing Shi
caadria2019_426,Hyunsoo Lee
caadria2019_426,Jisun Lee
caadria2019_428,Brandon Wang
caadria2019_428,Marc Aurel Schnabel
caadria2019_428,Tane Jacob Moleta
caadria2019_437,Chris Brisbin
caadria2019_437,Matthew Rofe
caadria2019_437,Ning Gu
caadria2019_437,Pan Liao
caadria2019_437,Sahar Soltani
caadria2019_439,Henry Yu
caadria2019_439,Tian Tian Lo
caadria2019_439,Zuo-Peng Xiao
caadria2019_442,Bing Zhao
caadria2019_442,Philip F. Yuan
caadria2019_442,Zeynab Kasseb
caadria2019_447,Chi-Li Cheng
caadria2019_447,June-Hao Hou
caadria2019_449,Chenyu Huang
caadria2019_449,Jiawei Yao
caadria2019_449,Philip F. Yuan
caadria2019_449,Yuqiong Lin
caadria2019_452,Ji-Hyun Lee
caadria2019_452,Meereh Kim
caadria2019_452,Minkyu Choi
caadria2019_452,Taeha Yi
caadria2019_453,Ethan Kerber
caadria2019_453,Rushi Dai
caadria2019_453,Sigrid Brell-Cokcan
caadria2019_459,Andre Brown
caadria2019_459,Hossein Behmanesh
caadria2019_462,Immanuel Koh
caadria2019_462,Jeffrey Huang
caadria2019_462,Pedro Amorim
caadria2019_464,Alessandra Fabbri
caadria2019_464,Ben Doherty
caadria2019_464,Matthias Hank Haeusler
caadria2019_464,Nicole Gardner
caadria2019_464,Sophie Scott
caadria2019_473,Andrew Butler
caadria2019_473,Emily Leung
caadria2019_473,Matthias Hank Haeusler
caadria2019_473,Nicole Gardner
caadria2019_473,Rob Asher
caadria2019_478,Adam Fingrut
caadria2019_478,Darwin Lau
caadria2019_478,Kristof Crolla
caadria2019_490,Christiane M. Herr
caadria2019_490,Thomas Fischer
caadria2019_491,Biao Li
caadria2019_491,Chenyi Cai
caadria2019_491,Peng Tang
caadria2019_493,Christiane M. Herr
caadria2019_493,Michael Grau
caadria2019_493,Thomas Fischer
caadria2019_530,Erica Cochran Hameen
caadria2019_530,Jie Shi
caadria2019_530,Shihan Wang
caadria2019_530,Siliang Lu
caadria2019_530,Yue Zou
caadria2019_535,Jaeyeol Song
caadria2019_535,Jin-Kook Lee
caadria2019_535,Jinsung Kim
caadria2019_546,Dominik Holzer
caadria2019_551,Bhargava Ram Kummamuru
caadria2019_551,Ingrid Paoletti
caadria2019_551,Maia Zheliazkova
caadria2019_553,Leetee Wang
caadria2019_553,Marianne Sanche
caadria2019_553,Matias del Campo
caadria2019_553,Sandra Manninger
caadria2019_600,Alexander Binder
caadria2019_600,Bige Tuncer
caadria2019_600,Ramanathan Subramanian
caadria2019_602,António Leitão
caadria2019_602,José Freitas
caadria2019_610,Iman Sayah
caadria2019_610,Marc Aurel Schnabel
caadria2019_611,Gloria Ha
caadria2019_611,Rizal Muslimin
caadria2019_611,Sarah Yap
caadria2019_624,Dhileep Kumar Jayashankar
caadria2019_624,Javier G. Fernandez
caadria2019_624,Kenneth Tracy
caadria2019_624,Naresh Sanandiya
caadria2019_624,Sachin Sean Gupta
caadria2019_625,Kateryna Konieva
caadria2019_625,Katja Knecht
caadria2019_625,Reinhard Koenig
caadria2019_626,Abel Maciel
caadria2019_626,Alvaro Lopez Rodriguez
caadria2019_626,Eri Sumitiomo
caadria2019_626,Soomeen Hahm
caadria2019_632,Carlos Banon
caadria2019_632,Felix Raspall
caadria2019_632,Jenn Chong Tay
caadria2019_636,Dave Pigram
caadria2019_636,Jon Engholt
caadria2019_637,Dongchen Han
caadria2019_637,Hong Zhang
caadria2019_637,Jie Huang
caadria2019_637,Weiwen Cui
caadria2019_638,Bige Tuncer
caadria2019_638,Elias Jakobus Willemse
caadria2019_638,Roland Bouffanais
caadria2019_639,Benjamin Dillenburger
caadria2019_639,Demetris Shammas
caadria2019_639,Maria Pachi
caadria2019_639,Marirena Kladeftira
caadria2019_639,Mathias Bernhard
caadria2019_640,Hanshuang Tong
caadria2019_640,Runzhou Zhang
caadria2019_640,Ruocheng Zhang
caadria2019_640,Weixin Huang
caadria2019_643,Alina Hramyka
caadria2019_643,Brittney Dillon
caadria2019_643,Mohammed Makki
caadria2019_643,Neil Grewal
caadria2019_646,Jeroen van Ameijde
caadria2019_647,Alessandra Fabbri
caadria2019_647,Daniel Camacho
caadria2019_647,Matthias Hank Haeusler
caadria2019_647,Nicole Gardner
caadria2019_647,Tiara Dobbs
caadria2019_647,Yannis Zavoleas
caadria2019_648,Kyle Schumann
caadria2019_648,Ryan Luke Johns
caadria2019_650,Tania Papasotiriou
caadria2019_651,Brenda Vale
caadria2019_651,Iman Sayah
caadria2019_651,Marzieh Imani
caadria2019_651,Michael Donn
caadria2019_657,Liming Zhang
caadria2019_657,Philip F. Yuan
caadria2019_657,Zhewen Chen
caadria2019_658,Christian Lange
caadria2019_658,Donn Holohan
caadria2019_659,Jinxi Jin
caadria2019_659,Philip F. Yuan
caadria2019_659,Xiang Wang
caadria2019_659,Xiao Zhang
caadria2019_659,Zhe Guo
caadria2019_660,Benjamin Dillenburger
caadria2019_660,Mania Aghaei Meibodi
caadria2019_660,Rena Giesecke
caadria2019_663,Nadja Gaudilliere
caadria2019_664,Liming Zhang
caadria2019_664,Philip F. Yuan
caadria2019_664,Xiang Wang
caadria2019_664,Yifan Zhou
caadria2019_664,Zhewen Chen
caadria2019_665,Hua Chai
caadria2019_665,Jinxi Jin
caadria2019_665,Li Han
caadria2019_665,Philip F. Yuan
caadria2019_665,Xiao Zhang
caadria2019_666,Bingyu Cheng
caadria2019_666,Lijing Yang
caadria2019_666,Nachuan Deng
caadria2019_666,Weixin Huang
caadria2019_666,Zhi Zhou
caadria2019_670,Jinxi Jin
caadria2019_670,Junbang Su
caadria2019_670,Philip F. Yuan
caadria2019_670,Weizhe Gao
caadria2019_670,Xiang Wang
caadria2019_670,Xiao Zhang
caadria2019_670,Ye Xia
caadria2019_670,Youyuan Luo
caadria2019_671,Biayna Bogosian
caadria2019_671,Dane Clemenson
caadria2019_671,Kristine Mun
caadria2020_008,Guohua Ji
caadria2020_008,Kian Wee Chen
caadria2020_008,Likai Wang
caadria2020_008,Patrick Janssen
caadria2020_009,Guohua Ji
caadria2020_009,Kian Wee Chen
caadria2020_009,Likai Wang
caadria2020_009,Patrick Janssen
caadria2020_011,Chen-Cheng Chen
caadria2020_011,Chenyun Yan
caadria2020_011,Kai Xiao
caadria2020_011,Xiang Wang
caadria2020_011,Zhe Guo
caadria2020_012,Anna-Maria Chatzi
caadria2020_012,Lisa-Marie Wesseler
caadria2020_015,Hao Zheng
caadria2020_015,Jingxuan Wei
caadria2020_015,Keyao An
caadria2020_015,Yue Ren
caadria2020_016,Leo Lin Meng
caadria2020_016,Matthias Hank Haeusler
caadria2020_016,Nicole Gardner
caadria2020_021,Charlotte Firth
caadria2020_021,Kate Dunn
caadria2020_021,Madison King
caadria2020_021,Matthias Hank Haeusler
caadria2020_022,Bastian Wibranek
caadria2020_022,Leon Wietschorke
caadria2020_022,Oliver Tessmann
caadria2020_022,Timm Glaetzer
caadria2020_023,Chenjun Liu
caadria2020_024,Hao Zheng
caadria2020_024,Yue Ren
caadria2020_025,Hyoung-June Park
caadria2020_028,Nobuyoshi Yabuki
caadria2020_028,Tomohiro Fukuda
caadria2020_028,Yixi Xia
caadria2020_031,Hyunsoo Lee
caadria2020_031,Nayeon Kim
caadria2020_032,Chunxia Yang
caadria2020_032,Zhuoxing Gu
caadria2020_035,António Leitão
caadria2020_035,Catarina Belém
caadria2020_035,Inês Pereira
caadria2020_037,Jungwon Yoon
caadria2020_037,Seok-won Choi
caadria2020_043,Ana Pereira Roders
caadria2020_043,Anping Xie
caadria2020_043,Nan Bai
caadria2020_043,Pirouz Nourian
caadria2020_045,Hao Zheng
caadria2020_045,Yue Ren
caadria2020_046,Han Jie Lee
caadria2020_046,Jielin Chen
caadria2020_046,Palak Mehta
caadria2020_046,Patrick Janssen
caadria2020_046,Pradeep Alva
caadria2020_046,Zhuoli Lin
caadria2020_047,Han Jie Lee
caadria2020_047,Ji Zhang
caadria2020_047,Patrick Janssen
caadria2020_047,Zhuoli Lin
caadria2020_048,Derek Pung
caadria2020_048,Do Phuong Tung Bui
caadria2020_048,Patrick Janssen
caadria2020_051,Marc Aurel Schnabel
caadria2020_051,Mitra Homolja
caadria2020_051,Sayyed Amir Hossain Maghool
caadria2020_052,Joann Wang
caadria2020_054,Chuan Liu
caadria2020_054,Hao Zheng
caadria2020_054,Jiaqi Shen
caadria2020_054,Yue Ren
caadria2020_056,Marc Aurel Schnabel
caadria2020_056,Shuva Chowdhury
caadria2020_060,Joanna Maria Lesna
caadria2020_060,Paul Nicholas
caadria2020_062,Ming Lu
caadria2020_062,Philip F. Yuan
caadria2020_063,Chunxiao Wang
caadria2020_063,Shuai Lu
caadria2020_064,Hua Chai
caadria2020_064,Philip F. Yuan
caadria2020_064,Yige Liu
caadria2020_066,Nadja Gaudilliere
caadria2020_068,Krishnendra Shekhawat
caadria2020_068,Pinki pinki
caadria2020_069,Marie Davidova
caadria2020_069,Yannis Zavoleas
caadria2020_071,Stan Carroll
caadria2020_072,Aysha Fida
caadria2020_072,Urvi Sheth
caadria2020_074,Dafna Fisher-Gewirtzman
caadria2020_074,Yaala Trossman Haifler
caadria2020_078,Antony Pelosi
caadria2020_078,Gabriella Joyce
caadria2020_081,Andre Brown
caadria2020_081,Marc Aurel Schnabel
caadria2020_081,Sam Mclennan
caadria2020_081,Tane Jacob Moleta
caadria2020_082,Antony Pelosi
caadria2020_082,Celine Cheng
caadria2020_086,Hugo Mulder
caadria2020_088,Gakuhito Hirasawa
caadria2020_088,Genki Furusho
caadria2020_088,Keita Kado
caadria2020_088,Yusuke Nakamura
caadria2020_089,Dimitrie Stefanescu
caadria2020_089,Eleni Papadonikolaki
caadria2020_089,Paul Poinet
caadria2020_090,Garvin Goepel
caadria2020_090,Kristof Crolla
caadria2020_091,Hao Zheng
caadria2020_091,Yue Ren
caadria2020_093,Bob Martens
caadria2020_093,Tomo Cerovsek
caadria2020_094,Chunxia Yang
caadria2020_094,Zhuoxing Gu
caadria2020_098,Dermott McMeel
caadria2020_098,Marie Davidova
caadria2020_099,Chun Man Tu
caadria2020_099,June-Hao Hou
caadria2020_100,Cheli Hershcovich
caadria2020_100,Michael Laufer
caadria2020_100,Rene van Hout
caadria2020_100,Vladislav Rinsky
caadria2020_100,Yasha Jacob Grobman
caadria2020_106,Chuanfei Yu
caadria2020_106,Jieren Tian
caadria2020_107,Jeremy Graham
caadria2020_107,Leo Lin Meng
caadria2020_107,Matthias Hank Haeusler
caadria2020_113,Jun Sik Kim
caadria2020_113,Kevin Sweet
caadria2020_115,Jia Ding Zhong
caadria2020_115,Jin Yeu Tsou
caadria2020_115,Ming Chun Chao Sara
caadria2020_118,Jeroen van Ameijde
caadria2020_118,Ka Lok Chow
caadria2020_119,Yuan Sung Hsiao
caadria2020_126,Chi-Fu Hsiao
caadria2020_126,Ching-Han Lee
caadria2020_126,Chun-Yen Chen
caadria2020_126,Teng-Wen Chang
caadria2020_128,Zi-Ru Chen
caadria2020_129,Virginia Melnyk
caadria2020_132,Jerzy Wojtowicz
caadria2020_132,Karolina Dąbrowska-Żółtak
caadria2020_132,Stefan Wrona
caadria2020_137,Andre Brown
caadria2020_137,Marc Aurel Schnabel
caadria2020_137,Maria Rogers
caadria2020_137,Qiaoliang Xu
caadria2020_137,Tane Jacob Moleta
caadria2020_141,Danilo Pico De Sá
caadria2020_141,Davi Lopes Mezencio
caadria2020_141,Eloisa Dezen-Kempter
caadria2020_141,Erica De Matos Miranda
caadria2020_141,Ulisses Dias
caadria2020_146,Surapong Lertsithichai
caadria2020_149,Anders Kruse Aagaard
caadria2020_149,Lynn Hyun Kieffer
caadria2020_149,Niels Martin Larsen
caadria2020_154,Benjamin Hagedorn
caadria2020_154,Jürgen Döllner
caadria2020_154,Matthias Trapp
caadria2020_154,Vladeta Stojanovic
caadria2020_156,Guohua Ji
caadria2020_156,Hainan Yan
caadria2020_160,Caitlin Bruce
caadria2020_160,Jeongbin Ok
caadria2020_160,Kevin Sweet
caadria2020_161,Daiki Kido
caadria2020_161,Nobuyoshi Yabuki
caadria2020_161,Tomohiro Fukuda
caadria2020_163,Immanuel Koh
caadria2020_164,Che-Wei Lin
caadria2020_164,Shih-Yuan Wang
caadria2020_164,Wei-Tse Hung
caadria2020_164,Yi-Heng Lu
caadria2020_164,Yu-Hsuan Pang
caadria2020_164,Yu-Ting Sheng
caadria2020_165,Gabriel Wurzer
caadria2020_165,Wolfgang E. Lorenz
caadria2020_167,Andrew Li
caadria2020_167,Rudi Stouffs
caadria2020_168,Adam Fingrut
caadria2020_172,Xinyu Xia
caadria2020_172,Ziyu Tong
caadria2020_173,JueLun Zhou
caadria2020_173,Ziyu Tong
caadria2020_177,Thomas Fischer
caadria2020_177,Thomas Wortmann
caadria2020_178,Chenxi Wang
caadria2020_178,Letong Gao
caadria2020_178,Manchen Liang
caadria2020_178,Weixin Huang
caadria2020_178,Xia Su
caadria2020_178,Yuchun Zhang
caadria2020_178,Yue Luo
caadria2020_180,Avishek Das
caadria2020_180,Mads Brath Jensen
caadria2020_184,Akito Hotta
caadria2020_184,Kensuke Hotta
caadria2020_184,Noboru Kawagishi
caadria2020_184,Takaaki Fuji
caadria2020_188,Eri Sumitomo
caadria2020_188,Fumiya Matsunaga
caadria2020_188,Hikaru Ikeda
caadria2020_188,Issei Takeuchi
caadria2020_188,Takaharu Suzuki
caadria2020_188,Yasushi Ikeda
caadria2020_189,Hannah Rushton
caadria2020_189,Marc Aurel Schnabel
caadria2020_190,Jose Rafael Holguin
caadria2020_190,Justyna Karakiewicz
caadria2020_190,Thomas Kvan
caadria2020_193,Chi Liu
caadria2020_193,Felix Raspall
caadria2020_193,Guo Li Zhang
caadria2020_193,Qi Huan Luo
caadria2020_193,Sihan Wang
caadria2020_193,Weishun Xu
caadria2020_195,Hong Wu Du
caadria2020_195,Yan Li
caadria2020_195,Zhen Zhang
caadria2020_200,Carlos Banon
caadria2020_200,Felix Raspall
caadria2020_200,Hui Ping Toh
caadria2020_200,Sihan Wang
caadria2020_203,Kensuke Hotta
caadria2020_203,Sen Chen
caadria2020_203,Yahan Xiao
caadria2020_203,Yasushi Ikeda
caadria2020_209,Chitraj Bissoonauth
caadria2020_209,Christiane M. Herr
caadria2020_209,Thomas Fischer
caadria2020_222,Chengyu Sun
caadria2020_222,Wei Hu
caadria2020_223,Hongyuan Mei
caadria2020_223,Qi Guo
caadria2020_224,António Leitão
caadria2020_224,Renata Castelo Branco
caadria2020_230,Aaron Sprecher
caadria2020_230,Karen Lee Bar-Sinai
caadria2020_230,Tom Shaked
caadria2020_231,Robert Doe
caadria2020_232,Tian Tian Lo
caadria2020_232,Xinrui Gao
caadria2020_233,Aaron Sprecher
caadria2020_233,Karen Lee Bar-Sinai
caadria2020_233,Tom Shaked
caadria2020_234,Ezio Blasetti
caadria2020_234,Hang Zhang
caadria2020_237,Michael Kleiss
caadria2020_237,Sida Dai
caadria2020_240,Djordje Stojanovic
caadria2020_240,Milica Vujovic
caadria2020_241,Alissa N. Antle
caadria2020_241,Halil Erhan
caadria2020_241,Naghmi Shireen
caadria2020_241,Robert Woodbury
caadria2020_242,Cristina Voto
caadria2020_242,Rocío Agra
caadria2020_242,Rodrigo Martin Iglesias
caadria2020_249,Ebrahim Poustinchi
caadria2020_249,Joshua Fehrenbach
caadria2020_249,Tyler Holmes
caadria2020_253,Christiane M. Herr
caadria2020_254,Tian Tian Lo
caadria2020_254,Wanyu Pei
caadria2020_254,Xiangmin Guo
caadria2020_257,Christopher Hernandez
caadria2020_257,Colby Johnson
caadria2020_257,Eda Begum Birol
caadria2020_257,Jenny Sabin
caadria2020_257,Yao Lu
caadria2020_258,Aswin Indraprastha
caadria2020_258,Beatricia Beatricia
caadria2020_258,M. Donny Koerniawan
caadria2020_259,Jinmo Rhee
caadria2020_259,Pedro Veloso
caadria2020_259,Ramesh Krishnamurti
caadria2020_260,Hongwu DU
caadria2020_260,Qing WANG
caadria2020_260,Yan LI
caadria2020_261,Geoff Kimm
caadria2020_261,Mark Burry
caadria2020_267,Andrea Macruz
caadria2020_267,Marcus Farr
caadria2020_270,Madison Randall
caadria2020_270,Mohammed Makki
caadria2020_270,Tina Kordrostami
caadria2020_272,Ahmed M. Abuzuraiq
caadria2020_272,Halil Erhan
caadria2020_272,John Dill
caadria2020_272,Maryam Zarei
caadria2020_272,Osama Alsalman
caadria2020_272,Robert Woodbury
caadria2020_273,Ma Chenlong
caadria2020_273,Zhu Shuyan
caadria2020_274,Hoyoung Maeng
caadria2020_274,Kyung Hoon Hyun
caadria2020_276,I-Ting Chuang
caadria2020_281,Ahmed Hassab
caadria2020_281,Sherif Abdelmohsen
caadria2020_301,Bin Li
caadria2020_301,Marc Aurel Schnabel
caadria2020_301,Tane Jacob Moleta
caadria2020_301,Weihong Guo
caadria2020_304,Thomas Fischer
caadria2020_304,Thomas Wortmann
caadria2020_306,Benjamin Dillenburger
caadria2020_306,Marirena Kladeftira
caadria2020_306,Mathias Bernhard
caadria2020_306,Reza Kakooee
caadria2020_306,Yuta Akizuki
caadria2020_313,Rohit Priyadarshi Sanatani
caadria2020_315,Daekwon Park
caadria2020_315,Guohua Ji
caadria2020_315,Heng Lu
caadria2020_315,Mengzeshan Du
caadria2020_315,Shiyu Feng
caadria2020_315,Weiyi Wang
caadria2020_316,Klara Czynska
caadria2020_320,Chengzhi Peng
caadria2020_320,Jiahui Cheng
caadria2020_320,Zhuoqun Zhang
caadria2020_332,Benjamin Dillenburger
caadria2020_332,Hyunchul Kwon
caadria2020_332,Matthias Leschok
caadria2020_332,Nik Eftekhar
caadria2020_332,Yoana Taseva
caadria2020_334,Waldemar Marzęcki
caadria2020_337,Pawel Rubinowicz
caadria2020_342,Hyunsoo Lee
caadria2020_342,Yoojin Han
caadria2020_346,Frederick Peter Ortner
caadria2020_346,Jeffrey Huang
caadria2020_347,Amanda Ng Qi Boon
caadria2020_347,Clement Lork
caadria2020_347,Lynette Cheah
caadria2020_347,Markus Hudert
caadria2020_347,Michael Budig
caadria2020_347,Oliver Heckmann
caadria2020_351,Daekwon Park
caadria2020_351,Heng Lu
caadria2020_351,HuaDong Yan
caadria2020_351,Ziyu Tong
caadria2020_354,Bige Tuncer
caadria2020_354,Ludovica Tomarchio
caadria2020_354,Peijun He
caadria2020_354,Pieter Herthogs
caadria2020_359,Antonia Valencia
caadria2020_359,Philip F. Yuan
caadria2020_359,Tomas Vivanco Larrain
caadria2020_361,Alexander Geht
caadria2020_361,Ezri Tarazi
caadria2020_361,Michael Weizmann
caadria2020_361,Yasha Jacob Grobman
caadria2020_363,Abhipsa Pal
caadria2020_363,Kenneth Joseph Tracy
caadria2020_363,Pei Zhi Chia
caadria2020_363,Wi Leen Chan
caadria2020_363,Ying Yi Tan
caadria2020_366,Elena Vazquez
caadria2020_366,Julio Diarte
caadria2020_367,Xiong Chen
caadria2020_367,Yiqiang Xiao
caadria2020_367,Zhichao Ma
caadria2020_369,Michael Budig
caadria2020_369,Oliver Heckmann
caadria2020_369,Ray Chern Xi Cheng
caadria2020_369,Sky Lo Tian Tian
caadria2020_369,Zack Xuereb Conti
caadria2020_371,Hwiwon Chun
caadria2020_371,Kihoon Son
caadria2020_371,Kyung Hoon Hyun
caadria2020_375,Ammar Kalo
caadria2020_375,Kenneth Tracy
caadria2020_375,Mark Tam
caadria2020_377,Ji Rong Lu
caadria2020_377,Teng-Wen Chang
caadria2020_377,Yi-Sin Wu
caadria2020_384,Trevor Ryan Patt
caadria2020_387,Chieh-I Lin
caadria2020_387,Kuan-Ling Lin
caadria2020_387,Sheng-Fen Chien
caadria2020_391,António Leitão
caadria2020_391,Inês Caetano
caadria2020_391,Inês Pereira
caadria2020_391,Sara Garcia
caadria2020_395,Dhileep Kumar Jayashankar
caadria2020_395,Kenneth Tracy
caadria2020_395,Sachin Sean Gupta
caadria2020_395,Stella Yi Ning Loo
caadria2020_396,António Leitão
caadria2020_396,Goncalo Araujo
caadria2020_396,Helena Martinho
caadria2020_398,June-Hao Hou
caadria2020_398,Li-Min Tseng
caadria2020_402,Mohammed Ezzat
caadria2020_403,Mona Ghandi
caadria2020_409,Giulio Paparella
caadria2020_409,Roberto Naboni
caadria2020_412,Ozguc Bertug Capunaman
caadria2020_421,Brady Peters
caadria2020_421,Krystal Kramer
caadria2020_421,Nicholas Hoban
caadria2020_423,Ahmed M. Abuzuraiq
caadria2020_423,Alyssa Haas
caadria2020_423,Halil Erhan
caadria2020_423,Maryam Zarei
caadria2020_423,Osama Alsalman
caadria2020_423,Robert Woodbury
caadria2020_426,Garvin Goepel
caadria2020_426,Kristof Crolla
caadria2020_427,Dominik Holzer
caadria2020_427,Paul Loh
caadria2020_431,Bimal Balakrishnan
caadria2020_431,Jayedi Aman
caadria2020_431,Jong Bum Kim
caadria2020_434,Christian Lange
caadria2020_434,Dominic Lim Co
caadria2020_434,Lidia Ratoi
caadria2020_435,Christine Yogiaman
caadria2020_435,Kenneth Tracy
caadria2020_435,Michael Yeow
caadria2020_436,Jenny Sabin
caadria2020_436,Teng Teng
caadria2020_443,Ahmed M. Abuzuraiq
caadria2020_443,Halil Erhan
caadria2020_444,Baptiste Higgs
caadria2020_444,Ben Doherty
caadria2020_446,Dahngyu Cho
caadria2020_446,Eunseo Shin
caadria2020_446,Jin-Kook Lee
caadria2020_446,Jinsung Kim
caadria2020_446,Jungsik Choi
caadria2020_456,Elodie Hochsheid
caadria2020_456,Gilles Halin
caadria2020_456,Henri-Jean Gless
caadria2020_456,Siala Aida
caadria2020_456,Veronika Bolshakova
