source,target
caadria2009_007,2D Barcode
caadria2009_007,City Guide
caadria2009_007,Global Positioning System
caadria2009_007,Near Field Communication
caadria2009_007,Real-Time Location Awareness
caadria2009_009,Constructivism
caadria2009_009,Design Theory
caadria2009_009,Donald Schön
caadria2009_009,Epistemology
caadria2009_009,Reflective Practice
caadria2009_010,3D Virtual Worlds
caadria2009_010,Alternative Design
caadria2009_010,Virtual Design Studio
caadria2009_013,Foldable Structures
caadria2009_013,Kinetic Architecture
caadria2009_013,Transformation
caadria2009_016,Computer Aided Design
caadria2009_016,Computer Aided Manufacturing
caadria2009_016,Inquiry Based Education
caadria2009_016,Pedagogy
caadria2009_017,Animation
caadria2009_017,Computer Graphics
caadria2009_017,Processing
caadria2009_017,Render Farm
caadria2009_018,Design Theory
caadria2009_018,Digital Design Method
caadria2009_018,Digital Fabrication
caadria2009_019,Analogical Thinking
caadria2009_019,Cognitive Experiment
caadria2009_019,Computer Media
caadria2009_019,Sketching
caadria2009_021,Animation
caadria2009_021,Design Studies
caadria2009_021,Design Theory
caadria2009_021,Education
caadria2009_023,Dynamic Spatial Information Model
caadria2009_023,SAFA Ontology
caadria2009_023,Sub-Spacing
caadria2009_023,Urban Computing Environment
caadria2009_024,Design Diagrams
caadria2009_024,Time Based Media
caadria2009_024,Visualization
caadria2009_026,Box-Counting
caadria2009_026,Computational Analysis
caadria2009_026,Fractal Dimension
caadria2009_026,Peter Eisenman
caadria2009_027,Collaborative Design
caadria2009_027,Computeraided Design
caadria2009_027,Project Feasibility
caadria2009_027,Tangible User Interface
caadria2009_027,Urban Design And Planning
caadria2009_030,Brainstorming
caadria2009_030,Conceptual Design
caadria2009_030,Design Space
caadria2009_030,Idea Map
caadria2009_030,Linking Ideas
caadria2009_031,Cognition Model
caadria2009_031,Conceptual Design
caadria2009_031,Design Process
caadria2009_031,Design Theory
caadria2009_033,Flexible Structures
caadria2009_033,Mobile Installation
caadria2009_033,Virtual Organism: Multi-Agent System
caadria2009_034,Human Computer Interface
caadria2009_034,Smart Space
caadria2009_035,Developmental
caadria2009_035,Interpretation
caadria2009_035,Shape Grammar
caadria2009_035,System
caadria2009_043,Automatic Extraction
caadria2009_043,Building Features
caadria2009_043,Image Data
caadria2009_046,Dynamic Space
caadria2009_046,Human Environment Interaction
caadria2009_046,Simulation
caadria2009_046,Voxel Facade
caadria2009_053,Conceptual Model
caadria2009_053,Interactive Qualitative Analysis
caadria2009_053,Web Design Team
caadria2009_053,Website Construction
caadria2009_055,Body Movement
caadria2009_055,Interactive Environment
caadria2009_055,Mapping
caadria2009_056,Aesthetics
caadria2009_056,Cultural Identity
caadria2009_056,Image Design
caadria2009_057,Collaborative Virtual Environment
caadria2009_057,Design Education
caadria2009_057,Student Perception
caadria2009_061,Historical City
caadria2009_061,Investigation
caadria2009_061,Rented House Use
caadria2009_061,Vacant Traditional Townhouse
caadria2009_061,Virtual Reality
caadria2009_062,Community Development
caadria2009_062,Consensus Building
caadria2009_062,LRT
caadria2009_062,Transport Planning
caadria2009_062,Virtual Reality
caadria2009_063,Depth Perception
caadria2009_063,High Dynamic Range Imagery
caadria2009_063,Physically Based Rendering
caadria2009_063,Pictorial Cue
caadria2009_063,Tone Mapping
caadria2009_065,Crossover
caadria2009_065,Evolutions
caadria2009_065,Fitness
caadria2009_065,Genetic Algorithm
caadria2009_067,3D Database
caadria2009_067,Building Management
caadria2009_067,Facilities Management
caadria2009_067,Smart System
caadria2009_069,Augmented Reality
caadria2009_069,Navigation
caadria2009_070,Digital Fabrication
caadria2009_070,Gaussian Vault
caadria2009_070,Parametric Geometry
caadria2009_070,Physical Prototyping
caadria2009_071,Augmented Reality
caadria2009_071,Interactive Augmented Reality
caadria2009_071,Interior Design
caadria2009_071,Tangible Augmented Reality
caadria2009_073,Augmented Reality
caadria2009_073,Contextual Design
caadria2009_073,Design Representations
caadria2009_073,Spatio Temporal Design
caadria2009_074,Augmented Reality
caadria2009_074,Geosemiotics
caadria2009_074,Locative Media
caadria2009_074,Mobile Spatial Interaction
caadria2009_074,Ubiquitous Computing
caadria2009_078,Ambient Display
caadria2009_078,Easy to Use
caadria2009_078,Human Computer Interface
caadria2009_082,Causality
caadria2009_082,Control
caadria2009_082,Design
caadria2009_082,Logic
caadria2009_082,Science
caadria2009_087,Intuitive Manipulation
caadria2009_087,Knowledge Representation
caadria2009_087,Spatial Allocation
caadria2009_087,Spatial Topology
caadria2009_091,Design
caadria2009_091,Fabrication
caadria2009_091,Parametric Modeling
caadria2009_091,Screening
caadria2009_092,Historical Building
caadria2009_092,Mobile Navigation
caadria2009_092,QR Code
caadria2009_097,Big Data
caadria2009_097,Case Library
caadria2009_097,Design Knowledge
caadria2009_097,Knowledge Representation
caadria2009_097,Semantic Ontology
caadria2009_103,Content Management System
caadria2009_103,Computer Aided Architectural Design
caadria2009_103,Education
caadria2009_103,LMS
caadria2009_109,Computer Aided Design
caadria2009_109,Computer Aided Manufacturing
caadria2009_109,Statics
caadria2009_109,Dynamics
caadria2009_109,Fabrication
caadria2009_109,Tectonics
caadria2009_111,Building Information Modeling
caadria2009_111,Framework
caadria2009_111,Rating System
caadria2009_111,Sustainable Design
caadria2009_112,Colour
caadria2009_112,Colour Combination
caadria2009_112,Colour Image
caadria2009_112,Colour Set
caadria2009_120,3D Laser Scanner
caadria2009_120,Cultural Heritage
caadria2009_120,Digital Archiving
caadria2009_120,Digital Reconstruction
caadria2009_125,Interaction Design
caadria2009_125,Methodology
caadria2009_125,Smart Space
caadria2009_125,Usability
caadria2009_130,Augmented Reality
caadria2009_130,Database Query
caadria2009_130,Information Navigation
caadria2009_130,Learning Behaviour
caadria2009_130,Learning Effect
caadria2009_131,Building Products
caadria2009_131,Distributed Intelligence
caadria2009_131,Emergent Behavior
caadria2009_131,Smart Technology
caadria2009_135,Architectural Representation
caadria2009_135,Representational Media
caadria2009_135,Virtual Reality
caadria2009_137,Design Methods
caadria2009_137,Generative Design
caadria2009_137,Knot Theory
caadria2009_137,Parametric Form Generation
caadria2009_137,Scripting
caadria2009_142,Algorithmic Design
caadria2009_142,Intuitive Interface
caadria2009_142,Tangible User Interface
caadria2009_144,Architectural Exploration
caadria2009_144,Procedural Modeling
caadria2009_144,Rule Based
caadria2009_144,Surface Reconstruction
caadria2009_145,Design Performance
caadria2009_145,Digital Fabrication
caadria2009_145,Robotic Construction
caadria2009_145,Timber Wall
caadria2009_146,Dynamic
caadria2009_146,Form-Finding
caadria2009_146,Relaxation
caadria2009_146,Tensegrity
caadria2009_147,Biological Computation
caadria2009_147,Design Methods
caadria2009_147,Generative Design
caadria2009_147,Maya Embedded Language Scripting
caadria2009_151,Biomimicry
caadria2009_151,Interactive Architecture
caadria2009_151,Kinetics
caadria2009_151,Modular Robotic
caadria2009_151,Robotic
caadria2009_152,Complex Geometry
caadria2009_152,Digital Craft
caadria2009_152,Expanding Traditional Tools
caadria2009_154,Design Guidelines
caadria2009_154,Multi-Display Environments
caadria2009_154,Spatial Cognition
caadria2009_159,3D Interface
caadria2009_159,HCI
caadria2009_159,Interactive Chair
caadria2009_159,Virtual Environment
caadria2009_165,Collaborative Virtual Environment
caadria2009_165,CryENGINE
caadria2009_165,Game Engine
caadria2009_165,Interactive Communication
caadria2009_165,Visualization
caadria2009_170,Digital
caadria2009_170,GIS
caadria2009_170,Planning
caadria2009_170,Urban Morphology
caadria2009_170,Zhubei
caadria2009_170,Zoning
caadria2009_171,Geographic Information System
caadria2009_171,Planning of Urban Open Space
caadria2009_171,Spread of Population Data
caadria2009_171,Urban Disaster Prevention
caadria2009_171,Urban Open Space
caadria2009_172,Geometry of Joints
caadria2009_172,Kinematic Architecture
caadria2009_172,Moveable Polyhedral Model
caadria2009_172,Parametric Design
caadria2009_172,Performative Architecture
caadria2009_174,Behavior
caadria2009_174,Multi-Agent
caadria2009_174,Simulation
caadria2009_174,Spatial Analysis
caadria2009_176,Architecture
caadria2009_176,Computer
caadria2009_176,Game
caadria2009_176,Ruby
caadria2009_176,Sketchup
caadria2009_180,Computer-Mediated Design Collaboration
caadria2009_180,Design
caadria2009_180,Design Ontology
caadria2009_180,Protocol Analysis
caadria2009_186,Calligraphy
caadria2009_186,Chinese Art Aesthetics
caadria2009_186,Computer Aided Design
caadria2009_186,Computer Aided Manufacturing Media
caadria2009_186,Digital Design Process
caadria2009_191,Geo-Spatial Information
caadria2009_191,Urban Information Classification
caadria2009_191,Urban Map
caadria2009_191,Utilization
caadria2009_191,Visualization
caadria2009_192,Architecture
caadria2009_192,Embodied Interaction
caadria2009_192,Human Computer Interaction
caadria2009_192,Interactive Space
caadria2009_192,Virtual Space
caadria2009_207,Building Performance
caadria2009_207,Coupled Building System
caadria2009_207,Generative Algorithm
caadria2009_207,Multiple Building Disciplines
caadria2009_207,Optimizaiton Techniques
caadria2009_207,Simulation Techniques
caadria2009_208,Augmented Reality
caadria2009_208,Tangible Augmented Reality
caadria2009_208,Tangible User Interface
caadria2009_210,Computer Aided Conceptual Design: Free-Hand Sketches
caadria2009_210,Design Prototype
caadria2009_210,Protocol Analysis
caadria2009_278,Aesthetics
caadria2009_278,Algorithm
caadria2009_278,Animation
caadria2009_278,Computation
caadria2009_278,Scripting
caadria2009_318,Architecture
caadria2009_318,Computation
caadria2009_318,Design
caadria2009_318,Intelligence
caadria2009_320,Building Information Modeling
caadria2009_320,Design Process
caadria2009_320,Interdisciplinary
caadria2009_320,Methodology
caadria2009_320,Sustainability
caadria2009_320,Ubicomp
caadria2010_001,Decorative Patterns
caadria2010_001,Generative Design Systems
caadria2010_001,Shape Grammar
caadria2010_001,Shlishi
caadria2010_001,Vine
caadria2010_002,Culture
caadria2010_002,Hierarchical Decomposition
caadria2010_002,Korean Traditional Patterns
caadria2010_002,Memes
caadria2010_002,Shape Grammar
caadria2010_003,Computational Analysis
caadria2010_003,Design Analysis
caadria2010_003,Visual Complexity
caadria2010_004,Design Generation
caadria2010_004,Design Space
caadria2010_004,Emergence
caadria2010_004,Islamic Geometric Pattern
caadria2010_005,Design Analysis
caadria2010_005,Design Computation
caadria2010_005,Design Knowledge
caadria2010_005,Design Process
caadria2010_006,3D Modeling
caadria2010_006,Urban Context
caadria2010_006,Virtual Reconstruction
caadria2010_006,Visual Representation
caadria2010_007,Architectural Heritage
caadria2010_007,Computer Aided Architectural Design Education
caadria2010_007,Information Packaging
caadria2010_007,Online Presentation
caadria2010_008,Design Methods
caadria2010_008,Digital Design
caadria2010_008,Digital Heritage
caadria2010_008,Digital Reconstruction
caadria2010_008,Memories Conservation
caadria2010_009,Digital Heritage
caadria2010_009,End User
caadria2010_009,Heritage Interpretation
caadria2010_010,3D Virtual Worlds
caadria2010_010,Multiuser Online Virtual Environment
caadria2010_010,Place-Making
caadria2010_010,Second Life
caadria2010_011,Direct Manipulation
caadria2010_011,End-User Programming
caadria2010_011,Scripting
caadria2010_011,Visual Programming
caadria2010_012,Cellular Automata
caadria2010_012,Generative Design Systems
caadria2010_012,Genetic Algorithm
caadria2010_012,L-System
caadria2010_012,Shape Grammar
caadria2010_013,Computational
caadria2010_013,Practice
caadria2010_013,Research
caadria2010_013,Teaching
caadria2010_013,Tower
caadria2010_013,Typology
caadria2010_014,Case Based Design
caadria2010_014,Case Library
caadria2010_014,Implicit Knowledge
caadria2010_014,Knowledge Representation
caadria2010_014,Spatial Topology
caadria2010_015,Design
caadria2010_015,Generative
caadria2010_015,Interface
caadria2010_015,Parametric
caadria2010_015,System
caadria2010_016,Multi-Agent Simulation
caadria2010_016,Netlogo
caadria2010_016,Residential Planning
caadria2010_016,Sunshine Duration
caadria2010_016,Sunshine Spacing
caadria2010_017,Agent Based Modeling
caadria2010_017,Bubble Diagram
caadria2010_017,Layout Planning
caadria2010_018,Building Volume Design
caadria2010_018,Constraint Based Design
caadria2010_018,Decision Support
caadria2010_018,Design Optimization
caadria2010_018,Life Cycle Costs
caadria2010_019,Data Visualization
caadria2010_019,Design Education
caadria2010_019,Design Process
caadria2010_019,Design Stages
caadria2010_019,Tutorials
caadria2010_020,Blog
caadria2010_020,Design Education
caadria2010_020,Learning and Teaching
caadria2010_020,Learning Management Systems
caadria2010_020,Web 2.0
caadria2010_021,Collaboration
caadria2010_021,Consultancy
caadria2010_021,Design Skills
caadria2010_021,Interprofessional
caadria2010_021,Virtual Design Studio
caadria2010_022,Design Education
caadria2010_022,Design Theory
caadria2010_022,Digital Design Representation
caadria2010_023,Dubai
caadria2010_023,Fabrication
caadria2010_023,Model
caadria2010_023,Rhinoceros
caadria2010_023,Twisted Towers
caadria2010_024,Digital Design
caadria2010_024,Rapid Prototyping
caadria2010_024,Student Perceptions
caadria2010_025,Architecture
caadria2010_025,Design
caadria2010_025,Kinematics
caadria2010_025,Mechatronics
caadria2010_025,Robotic
caadria2010_026,Design Behaviour
caadria2010_026,Design Ontology
caadria2010_026,Protocol Analysis
caadria2010_026,Quantitative Methods
caadria2010_026,Virtual Workspaces
caadria2010_027,Design Support
caadria2010_027,Evolutionary Computation
caadria2010_027,Generative Modeling
caadria2010_027,Heuristics
caadria2010_027,Parametric Modeling
caadria2010_028,Baseline Model
caadria2010_028,Building Information Modeling
caadria2010_028,Evidence Based Design
caadria2010_028,Healthcare
caadria2010_028,Prototype
caadria2010_029,Digital Fabrication
caadria2010_029,Digital Technologies
caadria2010_029,Load Bearing Construction
caadria2010_029,Parametric Representations
caadria2010_029,Variable System
caadria2010_030,Decision Support
caadria2010_030,Design Process
caadria2010_030,Energy Simulation
caadria2010_030,Information Dependencies
caadria2010_030,Performance Based Design
caadria2010_031,Informatics
caadria2010_031,Processing
caadria2010_031,Ubicomp
caadria2010_031,Urban
caadria2010_031,Visualization
caadria2010_032,Diagrams
caadria2010_032,Parametric
caadria2010_032,Systems Thinking
caadria2010_032,Urbanism
caadria2010_033,3D City Modeling
caadria2010_033,Collaboration
caadria2010_033,Management
caadria2010_033,Virtual Reality
caadria2010_033,Visualization
caadria2010_034,Airflow
caadria2010_034,Computational Fluid Dynamics
caadria2010_034,High Density
caadria2010_034,Sustainability
caadria2010_034,Urban Design
caadria2010_035,Design Production
caadria2010_035,Graph-Like Knowledge
caadria2010_035,Linking Ideas
caadria2010_035,Protocol Analysis
caadria2010_035,Puzzle-Making
caadria2010_036,Convergent Thinking
caadria2010_036,Design Narrative
caadria2010_036,Idea Map
caadria2010_036,Storytelling
caadria2010_037,Architectural Representation
caadria2010_037,Game Engine
caadria2010_037,Real-Time
caadria2010_037,Visualization
caadria2010_038,Design Representations
caadria2010_038,Mixed Reality
caadria2010_039,Algorithmic Modeling
caadria2010_039,Developing Countries
caadria2010_039,Optimization of Design
caadria2010_039,Parametric Design
caadria2010_039,Post-Disaster
caadria2010_040,Children
caadria2010_040,Drawing
caadria2010_040,Inquiry
caadria2010_040,Pedagogic Platform
caadria2010_040,Virtual / Real
caadria2010_041,Digitised Rooms
caadria2010_041,Space Sensing
caadria2010_041,Tracking System
caadria2010_041,Virtual Environment
caadria2010_042,Mass Customization
caadria2010_042,Open Source Standards
caadria2010_042,Parametric Design
caadria2010_042,Sustainability
caadria2010_042,Urban Dwellings
caadria2010_043,Augmented Reality
caadria2010_043,Information Architecture
caadria2010_043,Media Facade
caadria2010_043,Multidisciplinary Design
caadria2010_043,Outdoor Digital Media
caadria2010_043,Urban Design
caadria2010_044,Human Computer Interaction
caadria2010_044,Interactive Space
caadria2010_044,Spiritual Ambiance
caadria2010_044,Ubiquitous Computing
caadria2010_045,Architectural Design
caadria2010_045,Collaborative Practice
caadria2010_045,Performative Place
caadria2010_045,Urban Design
caadria2010_045,Virtual Environment
caadria2010_046,Interactive Message Wall
caadria2010_046,Public Display
caadria2010_046,Second Life
caadria2010_046,Ubiquitous Computing
caadria2010_046,Virtual Worlds
caadria2010_047,Depth Perception
caadria2010_047,High Dynamic Range Imagery
caadria2010_047,Lighting Simulation
caadria2010_047,Physically Based Rendering
caadria2010_047,Pictorial Cue
caadria2010_048,Augmented Reality
caadria2010_048,Building Information Modeling
caadria2010_048,Design Collaboration
caadria2010_049,3D Computer Aided Design
caadria2010_049,Design by Non-Specialists
caadria2010_049,Participatory Planning
caadria2010_049,Urban Renewal Design
caadria2010_049,Virtual Reality
caadria2010_050,Form Fostering
caadria2010_050,Mixed Reality
caadria2010_050,Parametric Modeling
caadria2010_050,Physical Interaction
caadria2010_050,Responsive Architecture
caadria2010_050,Responsive Form
caadria2010_051,Interactive Design Tools
caadria2010_051,Material Simulation
caadria2010_052,Biodegradable
caadria2010_052,Digital Fabrication
caadria2010_052,Finite Element
caadria2010_052,Lightweight Structures
caadria2010_052,Vacuum Forming
caadria2010_054,Computation Workflow
caadria2010_054,Fabrication Criteria
caadria2010_054,Rationalisation
caadria2010_055,Digital and Classic Tectonics
caadria2010_055,Digital Media
caadria2010_055,Spatial Form
caadria2010_056,Control
caadria2010_056,Novelty
caadria2010_056,Predictability
caadria2010_056,Surprise
caadria2010_056,Technique
caadria2010_057,Algorithm
caadria2010_057,Interactivity
caadria2010_057,Intuition
caadria2010_057,Probability Fi Eld
caadria2010_057,Prototype
caadria2010_057,Quantum Design Paradigm
caadria2010_058,Actor Network Theory
caadria2010_058,Collaboration
caadria2010_058,Open Design Process
caadria2010_058,Software Framework
caadria2010_099,Digital Fabrication
caadria2010_099,Sustainable Design
caadria2011_001,Folding
caadria2011_001,Knot
caadria2011_001,Weaving
caadria2011_002,Decision Making
caadria2011_002,Design Automation
caadria2011_002,Extensibility
caadria2011_002,Knowledge Based Design
caadria2011_002,Performance
caadria2011_003,End-User Programming
caadria2011_003,Logic Programming
caadria2011_003,Parametric Modeling
caadria2011_003,Practice Based Research
caadria2011_004,Design Model
caadria2011_004,Design Process
caadria2011_004,Evaluation
caadria2011_004,Parametric Design
caadria2011_004,Synthesis
caadria2011_005,Computational Landscape Design
caadria2011_005,Optimization
caadria2011_005,Parameter
caadria2011_005,Sensor Network System
caadria2011_005,Tools Customization
caadria2011_006,Building Information Modeling
caadria2011_006,Digital Catalogue
caadria2011_006,Korean Joinery System
caadria2011_007,Academic Workshop
caadria2011_007,Computational Design
caadria2011_007,Design-Build
caadria2011_007,Digital Fabrication
caadria2011_007,Tea House
caadria2011_008,Cultural Hint
caadria2011_008,Design Intention
caadria2011_008,Ice-Ray
caadria2011_008,Lowest Level Constituent
caadria2011_008,Shape Grammar
caadria2011_009,3D Printing
caadria2011_009,Manufacturing Process
caadria2011_009,Mould Making
caadria2011_009,Parametric Modeling
caadria2011_009,Plastic Casting
caadria2011_010,Computer Aided Design
caadria2011_010,Design Exploration
caadria2011_010,Design Generation
caadria2011_010,Eye-Tracking
caadria2011_010,Shape Interpretation
caadria2011_011,Affordability
caadria2011_011,Low-Tech
caadria2011_011,Performative Design
caadria2011_011,Responsive Design
caadria2011_012,Evolve
caadria2011_012,Genetic Algorithm
caadria2011_012,Multi-Agent
caadria2011_012,Sunlight
caadria2011_012,Terrain Context
caadria2011_013,Computer Aided Design Systems
caadria2011_013,Graph Visualization
caadria2011_013,Node-Link Diagrams
caadria2011_013,Visual Interaction
caadria2011_013,Visual Interface
caadria2011_014,Elastic
caadria2011_014,Responsive
caadria2011_014,Soft
caadria2011_014,Transformable
caadria2011_015,Education
caadria2011_015,Parametric Design
caadria2011_015,Physical Interaction
caadria2011_015,Responsive Architecture
caadria2011_016,Analysis
caadria2011_016,Design
caadria2011_016,Fabrication
caadria2011_016,Materiality
caadria2011_016,Performance
caadria2011_017,Biomimicry
caadria2011_017,Branching Structures
caadria2011_017,Lindenmayer Systems
caadria2011_017,Parametric Modeling
caadria2011_018,Collaborative Virtual Environment
caadria2011_018,Informal Interaction
caadria2011_018,Shared Space
caadria2011_019,Augmented Reality
caadria2011_019,Context Immersion
caadria2011_019,Mixed Reality
caadria2011_019,Mobile Computing
caadria2011_019,Ubiquitous Computing
caadria2011_020,Augmented Reality
caadria2011_020,Cybrids
caadria2011_020,Global Positioning System
caadria2011_020,Interactive Modeler
caadria2011_020,Locative Design
caadria2011_020,Mixed Reality
caadria2011_020,Visualization
caadria2011_021,Computer Game
caadria2011_021,Photogrammetry
caadria2011_021,Point Cloud
caadria2011_021,Real-Time
caadria2011_021,Visualization
caadria2011_022,Environmental Sensor
caadria2011_022,Pedestrian Movement
caadria2011_022,Public and Private
caadria2011_022,Space Syntax
caadria2011_023,Biofeedback
caadria2011_023,Empathy Theory
caadria2011_023,Sensors
caadria2011_023,Virtual Worlds
caadria2011_024,3D Virtual Worlds
caadria2011_024,Opensimulator
caadria2011_024,Performance Evaluation
caadria2011_024,Virtual Design Studio
caadria2011_025,Augmented Reality
caadria2011_025,Differential Global Positioning System
caadria2011_025,Geographic Information System
caadria2011_025,Optical See-Through HMD
caadria2011_025,Stereovision
caadria2011_026,Collaborative Ideation Loop
caadria2011_026,Design Studio
caadria2011_026,Hybrid Approach
caadria2011_026,Hybrid Ideation Space
caadria2011_026,Telepresence
caadria2011_027,Individual
caadria2011_027,Intelligible
caadria2011_027,Interaction
caadria2011_028,Flow
caadria2011_028,Hybrid Ideation Space
caadria2011_028,Immersive
caadria2011_028,Mental Workload
caadria2011_028,User Experience
caadria2011_029,Adaptive
caadria2011_029,Building Information
caadria2011_029,Interaction
caadria2011_029,Interface
caadria2011_029,Participatory
caadria2011_030,Interactive Message Wall
caadria2011_030,Public Display
caadria2011_030,Second Life
caadria2011_030,Social Interaction
caadria2011_030,Virtual Environment
caadria2011_031,3D Laser Scanner
caadria2011_031,Physical Space
caadria2011_031,Point Cloud
caadria2011_031,Polygon Optimization
caadria2011_031,Virtual Reality
caadria2011_032,Media Facade
caadria2011_032,Public Transport
caadria2011_032,Responsive Technologies
caadria2011_032,Smart Environment
caadria2011_032,Urban Informatics
caadria2011_033,Computer Aided Design
caadria2011_033,Expanded Ecology
caadria2011_033,Human Aided Design
caadria2011_033,Prosthesis
caadria2011_033,Second Order Prosthesis
caadria2011_034,Algorithmic Design
caadria2011_034,Smart Material
caadria2011_034,Surface Modeling
caadria2011_034,Tangible User Interface
caadria2011_035,Architectural Creativity
caadria2011_035,Context-Aware Computing
caadria2011_035,Cyberspace
caadria2011_035,Locative Media
caadria2011_035,Ubiquitous Computing
caadria2011_036,Collaboration
caadria2011_036,Context Awareness
caadria2011_036,Ubiquitous Computing
caadria2011_036,Ubiquitous Office
caadria2011_036,Work Service Model
caadria2011_037,Education
caadria2011_037,Landscape Architecture
caadria2011_037,Landscape Design
caadria2011_037,Ontology
caadria2011_037,Pattern Language
caadria2011_037,Roberto Burle Marx
caadria2011_038,Computer Aided Design
caadria2011_038,Customisation Toolkits
caadria2011_038,Design Protocol Study
caadria2011_038,FBS Coding
caadria2011_038,Mass Customization
caadria2011_039,Co-Design
caadria2011_039,Conceptual Design
caadria2011_039,Decision Support
caadria2011_039,Requirements
caadria2011_039,Software
caadria2011_040,Conceptual Design
caadria2011_040,Diagrams
caadria2011_040,Space Configuration
caadria2011_041,Assessment Method
caadria2011_041,Design Tools
caadria2011_041,Human Computer Interaction
caadria2011_041,Ideation
caadria2011_042,Agent System
caadria2011_042,MOOP
caadria2011_042,Residential Quarter Planning
caadria2011_042,Urban Design
caadria2011_043,Computational Modeling
caadria2011_043,Design Cognition
caadria2011_043,Interpretation
caadria2011_043,Visual Association
caadria2011_044,Array
caadria2011_044,CCTV
caadria2011_044,Discrepancy
caadria2011_044,Virtual
caadria2011_044,Webcam
caadria2011_045,Architectural Space Environment
caadria2011_045,Computational Method
caadria2011_045,Quality Mapping
caadria2011_045,Subdivided Enclose Space
caadria2011_046,Analysis System
caadria2011_046,Behaviour Monitoring
caadria2011_046,Office
caadria2011_046,Personal Workspace
caadria2011_046,Territory
caadria2011_047,Computational Analysis
caadria2011_047,Fractal Analysis
caadria2011_048,Digital Model
caadria2011_048,Forensic Analysis
caadria2011_048,Scenario Building
caadria2011_048,Virtual Reconstruction
caadria2011_049,Assemblies
caadria2011_049,Evolution
caadria2011_049,Morphogenesis
caadria2011_049,Performative
caadria2011_050,Analysis
caadria2011_050,Energy
caadria2011_050,Integration
caadria2011_050,Parametric
caadria2011_050,Performance
caadria2011_051,Case Based Design
caadria2011_051,Case Library
caadria2011_051,Data Mining
caadria2011_051,Knowledge Representation
caadria2011_051,Spatial Topology
caadria2011_052,Hybrid Design
caadria2011_052,Innovation Assessment
caadria2011_052,Shape Grammar
caadria2011_053,Agent Interaction
caadria2011_053,Analysis
caadria2011_053,Pedestrian Behaviour
caadria2011_054,Design Culture
caadria2011_054,Education
caadria2011_054,Parametric Design
caadria2011_054,Studio
caadria2011_055,Architectural Education
caadria2011_055,Creativity
caadria2011_055,Digital Architecture Design
caadria2011_055,Digital Fabrication
caadria2011_055,Performance Based Design
caadria2011_055,Process Based Designing
caadria2011_056,PBL
caadria2011_056,Problem Based Learning
caadria2011_056,Social Learning
caadria2011_056,Social Networks
caadria2011_056,VDS
caadria2011_056,Web 2.0
caadria2011_057,Daylight Simulation
caadria2011_057,Design Analysis
caadria2011_057,Education
caadria2011_058,Digital Architecture Curriculum
caadria2011_058,Digital Design Education
caadria2011_058,Impact Analysis
caadria2011_058,Students’ Learning
caadria2011_059,Blueprint
caadria2011_059,Computer Aided Architectural Design Philosophy
caadria2011_059,General
caadria2011_059,Particular
caadria2011_060,Constructive Interpretation
caadria2011_060,Floor Plan
caadria2011_060,Push-Pull
caadria2011_060,Reinterpretation
caadria2011_060,Situation
caadria2011_061,Computational Design Concepts
caadria2011_061,Logic
caadria2011_061,Meaning
caadria2011_061,Technology
caadria2011_062,Space Information Model
caadria2011_062,Space Information Property
caadria2011_062,Space Information Scale
caadria2011_063,Displacement
caadria2011_063,Graph-Like Knowledge
caadria2011_063,Linking Ideas
caadria2011_063,Metaphor
caadria2011_063,Protocol Analysis
caadria2011_064,Cooccurrence Networks Analysis
caadria2011_064,Design Collaboration
caadria2011_064,Face-to-Face Meeting
caadria2011_064,Room Ware
caadria2011_064,Semi-Public Discussion Media
caadria2011_065,Collective Intelligence
caadria2011_065,Design Communication
caadria2011_065,Design Process
caadria2011_065,Protocol Analysis
caadria2011_066,Collective Intelligence
caadria2011_066,Cyberworlds
caadria2011_066,Design
caadria2011_066,Motivation
caadria2011_067,Data Analysis
caadria2011_067,Design for Children
caadria2011_067,Drawing Processing
caadria2011_067,Perception and Representation of Environment
caadria2011_067,Spatial Network
caadria2011_068,3D Modeling
caadria2011_068,Building Information Modeling
caadria2011_068,Computer Aided Architectural Design
caadria2011_068,Information Database
caadria2011_068,Virtual Architecture
caadria2011_069,Building Information Modeling
caadria2011_069,Building Information Modeling
caadria2011_069,Domain-Specific Language
caadria2011_069,Lighting
caadria2011_069,Parametric Modeling
caadria2011_069,Spatial Planning
caadria2011_070,Manga
caadria2011_070,Multidimensional Scaling
caadria2011_070,Non-Photorealistic Rendering
caadria2011_070,Sketching
caadria2011_070,Storytelling
caadria2011_071,Bi-Objective Optimization
caadria2011_071,Interactive Genetic Algorithm
caadria2011_071,Structural Form
caadria2011_071,Subjective Evaluation
caadria2011_072,Daylight
caadria2011_072,Design Support
caadria2011_072,Early Design Phase
caadria2011_072,Energy
caadria2011_072,Intents